"1","P-01012019-186","P-01012019-1866724"
"2","P-01012019-187","P-01012019-1873935"
"3","P-01012019-188","P-01012019-1881952"
"4","P-01012019-188","P-01012019-1886286"
"5","P-01012019-188","P-01012019-1886853"
"6","P-01012019-188","P-01012019-1889806"
"7","P-01012019-189","P-01012019-1894449"
"8","P-01012019-189","P-01012019-1897811"
"9","P-01012019-189","P-01012019-1897929"
"10","P-01012019-189","P-01012019-1898555"
"11","P-01012019-190","P-01012019-1905891"
"12","P-01012019-191","P-01012019-1917154"
"13","P-01012019-191","P-01012019-1917262"
"14","P-01012019-192","P-01012019-1926715"
"15","P-01012019-193","P-01012019-1936536"
"16","P-01012019-194","P-01012019-1941085"
"17","P-01012019-194","P-01012019-1942362"
"18","P-01012019-195","P-01012019-1956049"
"19","P-01012019-195","P-01012019-1956115"
"20","P-01012019-195","P-01012019-1959545"
"21","P-01012019-196","P-01012019-1969273"
"22","P-01012019-196","P-01012019-1969507"
"23","P-01012019-197","P-01012019-1979383"
"24","P-01012019-197","P-01012019-1979690"
"25","P-01012019-198","P-01012019-1981980"
"26","P-01012019-198","P-01012019-1984159"
"27","P-01012019-198","P-01012019-1987709"
"28","P-01012019-199","P-01012019-1992941"
"29","P-01012019-199","P-01012019-1993337"
"30","P-01012019-199","P-01012019-1996391"
"31","P-01012019-200","P-01012019-2001802"
"32","P-01012019-200","P-01012019-2009195"
"33","P-01012019-201","P-01012019-2013192"
"34","P-01012019-201","P-01012019-2018000"
"35","P-01012019-202","P-01012019-2023914"
"36","P-01012019-202","P-01012019-2024888"
"37","P-01012019-202","P-01012019-2027142"
"38","P-01012019-202","P-01012019-2027767"
"39","P-01012019-203","P-01012019-2038381"
"40","P-01012019-203","P-01012019-2038606"
"41","P-01012019-203","P-01012019-2039581"
"42","P-01012019-204","P-01012019-2041878"
"43","P-01012019-204","P-01012019-2049551"
"44","P-01012019-205","P-01012019-2051236"
"45","P-01012019-206","P-01012019-2064132"
"46","P-01012019-206","P-01012019-2068516"
"47","P-01042019-495","P-01042019-4952785"
"48","P-01042019-495","P-01042019-4957655"
"49","P-01042019-496","P-01042019-4964629"
"50","P-01042019-496","P-01042019-4966873"
"51","P-01042019-497","P-01042019-4973770"
"52","P-01042019-497","P-01042019-4977530"
"53","P-01052019-616","P-01052019-6162282"
"54","P-01052019-617","P-01052019-6174205"
"55","P-01052019-617","P-01052019-6178207"
"56","P-01052019-617","P-01052019-6178657"
"57","P-01052019-618","P-01052019-6182357"
"58","P-01052019-618","P-01052019-6188019"
"59","P-01052019-618","P-01052019-6189506"
"60","P-01052019-618","P-01052019-6189982"
"61","P-01052019-619","P-01052019-6196540"
"62","P-01052019-619","P-01052019-6198961"
"63","P-01052019-620","P-01052019-6201591"
"64","P-01052019-620","P-01052019-6208896"
"65","P-01052019-621","P-01052019-6212178"
"66","P-01052019-621","P-01052019-6219861"
"67","P-01052019-622","P-01052019-6221504"
"68","P-01052019-622","P-01052019-6221570"
"69","P-01052019-623","P-01052019-6232327"
"70","P-01052019-623","P-01052019-6237618"
"71","P-01052019-624","P-01052019-6245890"
"72","P-01052019-624","P-01052019-6247700"
"73","P-01052019-624","P-01052019-6248130"
"74","P-01052019-624","P-01052019-6249100"
"75","P-01052019-625","P-01052019-6252839"
"76","P-01052019-625","P-01052019-6258968"
"77","P-01052019-626","P-01052019-6266194"
"78","P-01052019-626","P-01052019-6268942"
"995","P-01062019-772","P-01062019-7725836"
"999","P-01062019-773","P-01062019-7735205"
"997","P-01062019-773","P-01062019-7736260"
"996","P-01062019-773","P-01062019-7736957"
"998","P-01062019-773","P-01062019-7738612"
"1306","P-01072019-941","P-01072019-9416579"
"1307","P-01072019-942","P-01072019-9421988"
"1309","P-01072019-943","P-01072019-9431430"
"1310","P-01072019-943","P-01072019-9439305"
"1408","P-01072019-944","P-01072019-9444580"
"1410","P-01072019-944","P-01072019-9445280"
"1409","P-01072019-944","P-01072019-9446795"
"1411","P-01072019-944","P-01072019-9447447"
"1412","P-01072019-944","P-01072019-9448299"
"1313","P-01072019-945","P-01072019-9451463"
"1318","P-01072019-946","P-01072019-9468318"
"1315","P-01072019-947","P-01072019-9474676"
"1316","P-01072019-948","P-01072019-9482411"
"1317","P-01072019-949","P-01072019-9495796"
"1319","P-01072019-950","P-01072019-9509030"
"79","P-02012019-207","P-02012019-2072836"
"80","P-02012019-207","P-02012019-2074268"
"81","P-02012019-208","P-02012019-2081860"
"82","P-02012019-208","P-02012019-2086036"
"83","P-02012019-209","P-02012019-2093128"
"84","P-02042019-498","P-02042019-4983482"
"85","P-02052019-627","P-02052019-6271150"
"86","P-02052019-627","P-02052019-6276195"
"87","P-02052019-628","P-02052019-6283562"
"88","P-02052019-628","P-02052019-6284125"
"89","P-02052019-628","P-02052019-6286747"
"90","P-02052019-628","P-02052019-6287876"
"91","P-02052019-628","P-02052019-6289881"
"92","P-02052019-629","P-02052019-6296491"
"93","P-02052019-630","P-02052019-6302511"
"94","P-02052019-630","P-02052019-6304033"
"95","P-02052019-630","P-02052019-6304456"
"96","P-02052019-630","P-02052019-6305988"
"97","P-02052019-630","P-02052019-6306674"
"98","P-02052019-631","P-02052019-6316336"
"99","P-02052019-631","P-02052019-6316957"
"100","P-02052019-631","P-02052019-6319154"
"101","P-02052019-632","P-02052019-6321943"
"102","P-02052019-632","P-02052019-6326566"
"103","P-02052019-632","P-02052019-6327203"
"104","P-02122018-93","P-02122018-936618"
"105","P-02122018-94","P-02122018-942275"
"106","P-03012019-210","P-03012019-2102239"
"107","P-03052019-633","P-03052019-6339156"
"108","P-04042019-499","P-04042019-4992670"
"109","P-04042019-500","P-04042019-5008722"
"110","P-04042019-501","P-04042019-5011759"
"111","P-04042019-502","P-04042019-5027637"
"112","P-04042019-503","P-04042019-5031531"
"113","P-04042019-504","P-04042019-5045358"
"114","P-04042019-505","P-04042019-5051986"
"115","P-04042019-506","P-04042019-5062277"
"116","P-04042019-507","P-04042019-5074946"
"117","P-04042019-508","P-04042019-5086217"
"118","P-04042019-509","P-04042019-5093017"
"119","P-04042019-510","P-04042019-5101572"
"120","P-04042019-511","P-04042019-5115793"
"121","P-04042019-512","P-04042019-5126971"
"122","P-04042019-513","P-04042019-5136961"
"123","P-04042019-514","P-04042019-5143583"
"124","P-04052019-634","P-04052019-6346044"
"125","P-04052019-635","P-04052019-6358090"
"126","P-04052019-636","P-04052019-6363093"
"127","P-04052019-637","P-04052019-6377022"
"128","P-04052019-638","P-04052019-6387960"
"129","P-04052019-639","P-04052019-6395497"
"130","P-05042019-515","P-05042019-5151026"
"131","P-05042019-515","P-05042019-5152264"
"132","P-05042019-515","P-05042019-5152832"
"133","P-05042019-515","P-05042019-5155602"
"134","P-05042019-515","P-05042019-5156871"
"135","P-05042019-515","P-05042019-5156999"
"136","P-05042019-515","P-05042019-5157134"
"137","P-05042019-515","P-05042019-5159293"
"138","P-05042019-516","P-05042019-5162930"
"139","P-05042019-517","P-05042019-5175990"
"140","P-05042019-518","P-05042019-5187115"
"141","P-05042019-519","P-05042019-5198952"
"142","P-05042019-520","P-05042019-5207046"
"143","P-05042019-521","P-05042019-5219383"
"144","P-05042019-522","P-05042019-5223222"
"145","P-05042019-523","P-05042019-5233006"
"146","P-05042019-524","P-05042019-5248278"
"147","P-05042019-525","P-05042019-5255920"
"148","P-05042019-526","P-05042019-5268800"
"149","P-05042019-527","P-05042019-5279880"
"150","P-05042019-528","P-05042019-5281003"
"151","P-05042019-528","P-05042019-5281372"
"152","P-05042019-528","P-05042019-5285216"
"153","P-05042019-528","P-05042019-5287596"
"1000","P-05062019-774","P-05062019-7741288"
"1001","P-05062019-774","P-05062019-7747809"
"1002","P-05062019-774","P-05062019-7749683"
"1006","P-05062019-775","P-05062019-7752315"
"1004","P-05062019-775","P-05062019-7752454"
"1005","P-05062019-775","P-05062019-7756507"
"1003","P-05062019-775","P-05062019-7757064"
"1007","P-05062019-776","P-05062019-7763907"
"1008","P-05062019-777","P-05062019-7775027"
"1009","P-05062019-778","P-05062019-7786029"
"1010","P-05062019-779","P-05062019-7797335"
"1011","P-05062019-780","P-05062019-7809572"
"1012","P-05062019-781","P-05062019-7815808"
"1013","P-05062019-782","P-05062019-7821861"
"1350","P-05072019-951","P-05072019-9516018"
"1321","P-05072019-951","P-05072019-9516292"
"1349","P-05072019-951","P-05072019-9517270"
"1351","P-05072019-952","P-05072019-9521774"
"1352","P-05072019-952","P-05072019-9522614"
"1322","P-05072019-952","P-05072019-9527883"
"1354","P-05072019-953","P-05072019-9534173"
"1323","P-05072019-953","P-05072019-9534534"
"1353","P-05072019-953","P-05072019-9539733"
"1324","P-05072019-954","P-05072019-9544142"
"1355","P-05072019-954","P-05072019-9546489"
"1356","P-05072019-954","P-05072019-9547893"
"1357","P-05072019-955","P-05072019-9552591"
"1358","P-05072019-955","P-05072019-9553470"
"1325","P-05072019-955","P-05072019-9555349"
"1359","P-05072019-956","P-05072019-9565433"
"1326","P-05072019-956","P-05072019-9566248"
"1360","P-05072019-956","P-05072019-9567209"
"1327","P-05072019-957","P-05072019-9571435"
"1361","P-05072019-957","P-05072019-9578223"
"1362","P-05072019-957","P-05072019-9579004"
"1328","P-05072019-958","P-05072019-9581693"
"1364","P-05072019-958","P-05072019-9582839"
"1363","P-05072019-958","P-05072019-9585014"
"1329","P-05072019-959","P-05072019-9593717"
"1366","P-05072019-959","P-05072019-9597963"
"1365","P-05072019-959","P-05072019-9598266"
"1367","P-05072019-960","P-05072019-9602618"
"1330","P-05072019-960","P-05072019-9607926"
"1368","P-05072019-960","P-05072019-9608618"
"1369","P-05072019-961","P-05072019-9611327"
"1370","P-05072019-961","P-05072019-9613141"
"1331","P-05072019-961","P-05072019-9615385"
"1371","P-05072019-962","P-05072019-9624155"
"1332","P-05072019-962","P-05072019-9626564"
"1372","P-05072019-962","P-05072019-9626634"
"1373","P-05072019-963","P-05072019-9631331"
"1374","P-05072019-963","P-05072019-9636459"
"1333","P-05072019-963","P-05072019-9638188"
"1334","P-05072019-964","P-05072019-9646223"
"1376","P-05072019-964","P-05072019-9646600"
"1375","P-05072019-964","P-05072019-9647284"
"1335","P-05072019-965","P-05072019-9654427"
"1377","P-05072019-965","P-05072019-9654890"
"1378","P-05072019-965","P-05072019-9655224"
"1336","P-05072019-966","P-05072019-9661027"
"1380","P-05072019-966","P-05072019-9662416"
"1379","P-05072019-966","P-05072019-9666266"
"1382","P-05072019-967","P-05072019-9671142"
"1337","P-05072019-967","P-05072019-9674868"
"1381","P-05072019-967","P-05072019-9676360"
"1338","P-05072019-968","P-05072019-9681512"
"1383","P-05072019-968","P-05072019-9682102"
"1384","P-05072019-968","P-05072019-9682433"
"1385","P-05072019-969","P-05072019-9692199"
"1386","P-05072019-969","P-05072019-9696017"
"1339","P-05072019-969","P-05072019-9696947"
"1388","P-05072019-970","P-05072019-9704937"
"1387","P-05072019-970","P-05072019-9706729"
"1340","P-05072019-970","P-05072019-9708114"
"1390","P-05072019-971","P-05072019-9714122"
"1341","P-05072019-971","P-05072019-9714269"
"1389","P-05072019-971","P-05072019-9716217"
"1391","P-05072019-972","P-05072019-9721668"
"1342","P-05072019-972","P-05072019-9728441"
"1392","P-05072019-972","P-05072019-9729651"
"1343","P-05072019-973","P-05072019-9736176"
"1393","P-05072019-973","P-05072019-9736473"
"1394","P-05072019-973","P-05072019-9738117"
"1344","P-05072019-974","P-05072019-9743627"
"1395","P-05072019-974","P-05072019-9744710"
"1396","P-05072019-974","P-05072019-9745008"
"1398","P-05072019-975","P-05072019-9754617"
"1345","P-05072019-975","P-05072019-9754701"
"1397","P-05072019-975","P-05072019-9755843"
"1346","P-05072019-976","P-05072019-9762516"
"1399","P-05072019-976","P-05072019-9763349"
"1400","P-05072019-976","P-05072019-9764156"
"1402","P-05072019-977","P-05072019-9774030"
"1347","P-05072019-977","P-05072019-9774735"
"1401","P-05072019-977","P-05072019-9775531"
"1348","P-05072019-978","P-05072019-9783879"
"1403","P-05072019-978","P-05072019-9787932"
"1404","P-05072019-978","P-05072019-9788093"
"1405","P-05072019-979","P-05072019-9798192"
"1406","P-05072019-980","P-05072019-9808682"
"1407","P-05072019-981","P-05072019-9817941"
"154","P-06012019-211","P-06012019-2118220"
"155","P-06012019-212","P-06012019-2123826"
"156","P-06012019-213","P-06012019-2139811"
"157","P-06012019-214","P-06012019-2146409"
"158","P-06042019-529","P-06042019-5292411"
"159","P-06042019-530","P-06042019-5302850"
"160","P-06042019-530","P-06042019-5302879"
"161","P-06042019-530","P-06042019-5303197"
"162","P-06042019-530","P-06042019-5307990"
"163","P-06042019-531","P-06042019-5315238"
"164","P-06042019-532","P-06042019-5325793"
"165","P-06042019-532","P-06042019-5326089"
"166","P-07012019-215","P-07012019-2154820"
"167","P-07012019-216","P-07012019-2163374"
"168","P-07012019-217","P-07012019-2173676"
"169","P-07012019-218","P-07012019-2184665"
"170","P-07012019-219","P-07012019-2198519"
"171","P-07012019-220","P-07012019-2205381"
"172","P-07012019-221","P-07012019-2215287"
"173","P-07012019-222","P-07012019-2222931"
"174","P-07052019-640","P-07052019-6401643"
"175","P-07052019-640","P-07052019-6406027"
"176","P-07052019-640","P-07052019-6407048"
"177","P-07052019-640","P-07052019-6409126"
"178","P-07052019-641","P-07052019-6413356"
"179","P-07052019-641","P-07052019-6415997"
"180","P-07052019-641","P-07052019-6416620"
"181","P-07052019-641","P-07052019-6418563"
"182","P-07052019-641","P-07052019-6419692"
"1015","P-07062019-783","P-07062019-7835477"
"1415","P-07072019-982","P-07072019-9824355"
"1417","P-07072019-982","P-07072019-9824981"
"1413","P-07072019-982","P-07072019-9825942"
"1414","P-07072019-982","P-07072019-9828157"
"1416","P-07072019-982","P-07072019-9829123"
"1419","P-07072019-983","P-07072019-9835708"
"1418","P-07072019-983","P-07072019-9836645"
"1420","P-07072019-983","P-07072019-9837072"
"1422","P-07072019-983","P-07072019-9837424"
"1421","P-07072019-983","P-07072019-9838868"
"1423","P-07072019-983","P-07072019-9839111"
"1425","P-07072019-984","P-07072019-9841340"
"1426","P-07072019-984","P-07072019-9842641"
"1424","P-07072019-984","P-07072019-9845371"
"1427","P-07072019-984","P-07072019-9848872"
"1434","P-07072019-985","P-07072019-9854343"
"1433","P-07072019-985","P-07072019-9855029"
"1432","P-07072019-985","P-07072019-9856883"
"183","P-08012019-223","P-08012019-2232682"
"184","P-08012019-223","P-08012019-2239626"
"185","P-08012019-224","P-08012019-2241447"
"186","P-08012019-225","P-08012019-2256142"
"187","P-08012019-226","P-08012019-2268348"
"188","P-08042019-533","P-08042019-5333682"
"189","P-08042019-533","P-08042019-5339162"
"190","P-08042019-534","P-08042019-5341069"
"191","P-08042019-535","P-08042019-5352845"
"192","P-08042019-535","P-08042019-5354450"
"193","P-08042019-536","P-08042019-5367170"
"194","P-08042019-536","P-08042019-5367230"
"195","P-08042019-537","P-08042019-5377652"
"196","P-08042019-538","P-08042019-5385212"
"197","P-08042019-539","P-08042019-5394854"
"198","P-08042019-540","P-08042019-5401981"
"199","P-08042019-541","P-08042019-5416314"
"1021","P-08062019-784","P-08062019-7841669"
"1020","P-08062019-784","P-08062019-7844455"
"1523","P-08082019-1017","P-08082019-10173875"
"1524","P-08082019-1018","P-08082019-10182986"
"1525","P-08082019-1019","P-08082019-10196328"
"200","P-08122018-104","P-08122018-1046374"
"201","P-09012019-227","P-09012019-2276027"
"202","P-09012019-228","P-09012019-2285855"
"203","P-09012019-229","P-09012019-2294000"
"204","P-09012019-230","P-09012019-2305069"
"205","P-09012019-231","P-09012019-2314836"
"206","P-09012019-232","P-09012019-2323599"
"207","P-09012019-233","P-09012019-2336442"
"208","P-09012019-234","P-09012019-2347207"
"209","P-09012019-235","P-09012019-2355064"
"210","P-09012019-236","P-09012019-2361761"
"211","P-09012019-237","P-09012019-2371159"
"212","P-09012019-238","P-09012019-2382522"
"213","P-09012019-239","P-09012019-2393025"
"214","P-09012019-240","P-09012019-2407208"
"215","P-09012019-241","P-09012019-2418698"
"216","P-09012019-242","P-09012019-2423680"
"217","P-09012019-243","P-09012019-2435437"
"218","P-09012019-244","P-09012019-2442518"
"219","P-09042019-542","P-09042019-5425272"
"220","P-09042019-543","P-09042019-5432276"
"221","P-09042019-544","P-09042019-5446760"
"222","P-09042019-545","P-09042019-5454172"
"223","P-09042019-546","P-09042019-5465133"
"224","P-09042019-547","P-09042019-5476334"
"225","P-09042019-548","P-09042019-5489155"
"226","P-09042019-549","P-09042019-5491740"
"1255","P-09052019-642","P-09052019-6424763"
"228","P-09052019-643","P-09052019-6435155"
"229","P-09052019-644","P-09052019-6447822"
"230","P-09052019-645","P-09052019-6458543"
"231","P-09052019-646","P-09052019-6465123"
"232","P-09052019-647","P-09052019-6474934"
"233","P-09052019-648","P-09052019-6481151"
"234","P-09052019-649","P-09052019-6493254"
"235","P-09052019-650","P-09052019-6502886"
"236","P-09052019-651","P-09052019-6516580"
"237","P-09052019-652","P-09052019-6524175"
"238","P-09052019-653","P-09052019-6538513"
"239","P-09052019-654","P-09052019-6544479"
"240","P-09052019-655","P-09052019-6555543"
"1431","P-09072019-986","P-09072019-9868128"
"1526","P-09082019-1020","P-09082019-10208063"
"241","P-10012019-245","P-10012019-2454244"
"242","P-10012019-245","P-10012019-2457486"
"243","P-10012019-246","P-10012019-2462758"
"244","P-10012019-246","P-10012019-2468774"
"245","P-10012019-247","P-10012019-2475600"
"246","P-10012019-247","P-10012019-2475854"
"247","P-10012019-248","P-10012019-2483314"
"248","P-10012019-248","P-10012019-2487370"
"249","P-10012019-249","P-10012019-2496260"
"250","P-10012019-250","P-10012019-2504900"
"251","P-10012019-251","P-10012019-2515135"
"252","P-10012019-252","P-10012019-2523608"
"253","P-10012019-252","P-10012019-2528258"
"254","P-10012019-253","P-10012019-2535067"
"255","P-10012019-253","P-10012019-2535311"
"256","P-10012019-254","P-10012019-2546800"
"257","P-10012019-255","P-10012019-2554936"
"258","P-10052019-656","P-10052019-6561252"
"1022","P-10062019-785","P-10062019-7855586"
"1023","P-10062019-786","P-10062019-7861278"
"1024","P-10062019-787","P-10062019-7875095"
"1025","P-10062019-787","P-10062019-7877712"
"1026","P-10062019-788","P-10062019-7886342"
"1028","P-10062019-789","P-10062019-7893696"
"1156","P-10062019-789","P-10062019-7899355"
"1029","P-10062019-790","P-10062019-7903707"
"1031","P-10062019-791","P-10062019-7911408"
"1032","P-10062019-791","P-10062019-7914688"
"1033","P-10062019-792","P-10062019-7927459"
"1034","P-10062019-792","P-10062019-7928411"
"1036","P-10062019-793","P-10062019-7931382"
"1035","P-10062019-793","P-10062019-7937847"
"1038","P-10062019-794","P-10062019-7941237"
"1039","P-10062019-794","P-10062019-7947155"
"1037","P-10062019-794","P-10062019-7947444"
"1042","P-10062019-795","P-10062019-7952005"
"1041","P-10062019-795","P-10062019-7957464"
"1043","P-10062019-795","P-10062019-7959205"
"1065","P-10062019-796","P-10062019-7963403"
"1066","P-10062019-797","P-10062019-7975825"
"1067","P-10062019-798","P-10062019-7983206"
"1068","P-10062019-799","P-10062019-7997856"
"1069","P-10062019-800","P-10062019-8007352"
"1070","P-10062019-801","P-10062019-8015601"
"1071","P-10062019-802","P-10062019-8023752"
"1072","P-10062019-803","P-10062019-8032942"
"1073","P-10062019-804","P-10062019-8049369"
"1076","P-10062019-805","P-10062019-8057255"
"1075","P-10062019-805","P-10062019-8058079"
"1078","P-10062019-806","P-10062019-8063321"
"1077","P-10062019-806","P-10062019-8066745"
"1079","P-10062019-807","P-10062019-8073271"
"1080","P-10062019-807","P-10062019-8075350"
"1081","P-10062019-808","P-10062019-8081646"
"1082","P-10062019-808","P-10062019-8086078"
"1084","P-10062019-809","P-10062019-8091193"
"1083","P-10062019-809","P-10062019-8098898"
"1086","P-10062019-810","P-10062019-8102938"
"1085","P-10062019-810","P-10062019-8109566"
"1087","P-10062019-811","P-10062019-8112087"
"1088","P-10062019-811","P-10062019-8114965"
"1089","P-10062019-812","P-10062019-8127387"
"1090","P-10062019-812","P-10062019-8129584"
"1092","P-10062019-813","P-10062019-8132322"
"1091","P-10062019-813","P-10062019-8132376"
"1162","P-10062019-814","P-10062019-8142123"
"1163","P-10062019-814","P-10062019-8148701"
"1093","P-10062019-815","P-10062019-8157094"
"1094","P-10062019-816","P-10062019-8164502"
"259","P-11012019-256","P-11012019-2563704"
"260","P-11012019-257","P-11012019-2577878"
"261","P-11012019-258","P-11012019-2589702"
"262","P-11012019-259","P-11012019-2595461"
"263","P-11012019-260","P-11012019-2609400"
"264","P-11012019-261","P-11012019-2617638"
"265","P-11022019-328","P-11022019-3285299"
"266","P-11022019-329","P-11022019-3294238"
"267","P-11022019-330","P-11022019-3309954"
"268","P-11022019-331","P-11022019-3319508"
"269","P-11022019-332","P-11022019-3328896"
"270","P-11022019-333","P-11022019-3338742"
"271","P-11022019-334","P-11022019-3342375"
"272","P-11022019-335","P-11022019-3358574"
"273","P-11022019-336","P-11022019-3362340"
"274","P-11022019-337","P-11022019-3379929"
"275","P-11022019-338","P-11022019-3385934"
"276","P-11022019-339","P-11022019-3397185"
"277","P-11022019-340","P-11022019-3406893"
"278","P-11022019-341","P-11022019-3415768"
"279","P-11022019-342","P-11022019-3424128"
"280","P-11022019-343","P-11022019-3434578"
"281","P-11022019-344","P-11022019-3449936"
"282","P-11022019-345","P-11022019-3453340"
"283","P-11022019-346","P-11022019-3469224"
"284","P-11022019-347","P-11022019-3478317"
"285","P-11022019-348","P-11022019-3489271"
"286","P-11022019-349","P-11022019-3493061"
"287","P-11022019-350","P-11022019-3501868"
"288","P-11022019-351","P-11022019-3516300"
"289","P-11022019-352","P-11022019-3521227"
"290","P-11022019-353","P-11022019-3533569"
"291","P-11022019-354","P-11022019-3542782"
"292","P-11022019-355","P-11022019-3554067"
"293","P-11022019-356","P-11022019-3564739"
"294","P-11022019-357","P-11022019-3577227"
"295","P-11022019-358","P-11022019-3581763"
"296","P-11032019-401","P-11032019-4011825"
"297","P-11032019-401","P-11032019-4019622"
"298","P-11032019-402","P-11032019-4022785"
"299","P-11032019-403","P-11032019-4037589"
"300","P-11032019-404","P-11032019-4043124"
"301","P-11032019-405","P-11032019-4058354"
"302","P-11032019-406","P-11032019-4062458"
"303","P-11032019-406","P-11032019-4063445"
"304","P-11032019-406","P-11032019-4067264"
"305","P-11032019-407","P-11032019-4077459"
"306","P-11032019-407","P-11032019-4078291"
"307","P-11032019-408","P-11032019-4082420"
"308","P-11032019-408","P-11032019-4087601"
"309","P-11032019-409","P-11032019-4097636"
"310","P-11032019-410","P-11032019-4102351"
"311","P-11032019-411","P-11032019-4115020"
"312","P-11052019-657","P-11052019-6576321"
"923","P-11052019-658","P-11052019-6585565"
"315","P-11052019-659","P-11052019-6597348"
"316","P-11052019-660","P-11052019-6602966"
"1507","P-11072019-1000","P-11072019-10007610"
"1508","P-11072019-1000","P-11072019-10007941"
"1509","P-11072019-1001","P-11072019-10013698"
"1510","P-11072019-1001","P-11072019-10016919"
"1436","P-11072019-987","P-11072019-9872590"
"1482","P-11072019-987","P-11072019-9878227"
"1437","P-11072019-988","P-11072019-9882279"
"1438","P-11072019-988","P-11072019-9888445"
"1441","P-11072019-989","P-11072019-9891368"
"1439","P-11072019-989","P-11072019-9891763"
"1440","P-11072019-989","P-11072019-9899566"
"1442","P-11072019-990","P-11072019-9901191"
"1443","P-11072019-990","P-11072019-9909464"
"1445","P-11072019-991","P-11072019-9913126"
"1444","P-11072019-991","P-11072019-9915577"
"1457","P-11072019-991","P-11072019-9918524"
"1456","P-11072019-991","P-11072019-9918713"
"1447","P-11072019-992","P-11072019-9921759"
"1446","P-11072019-992","P-11072019-9924051"
"1448","P-11072019-992","P-11072019-9927918"
"1449","P-11072019-993","P-11072019-9934349"
"1452","P-11072019-993","P-11072019-9936652"
"1450","P-11072019-993","P-11072019-9937274"
"1451","P-11072019-993","P-11072019-9939480"
"1470","P-11072019-994","P-11072019-9941728"
"1455","P-11072019-994","P-11072019-9946956"
"1454","P-11072019-994","P-11072019-9947214"
"1453","P-11072019-994","P-11072019-9948364"
"1460","P-11072019-995","P-11072019-9951338"
"1458","P-11072019-995","P-11072019-9951575"
"1461","P-11072019-995","P-11072019-9952118"
"1459","P-11072019-995","P-11072019-9955571"
"1462","P-11072019-995","P-11072019-9958197"
"1463","P-11072019-995","P-11072019-9959935"
"1477","P-11072019-996","P-11072019-9961628"
"1479","P-11072019-996","P-11072019-9961899"
"1483","P-11072019-996","P-11072019-9963849"
"1468","P-11072019-996","P-11072019-9968771"
"1478","P-11072019-996","P-11072019-9968904"
"1480","P-11072019-996","P-11072019-9969549"
"1474","P-11072019-997","P-11072019-9972720"
"1472","P-11072019-997","P-11072019-9974197"
"1476","P-11072019-997","P-11072019-9974232"
"1471","P-11072019-997","P-11072019-9975943"
"1473","P-11072019-997","P-11072019-9976387"
"1475","P-11072019-997","P-11072019-9977101"
"1488","P-11072019-998","P-11072019-9985354"
"1491","P-11072019-998","P-11072019-9987236"
"1490","P-11072019-998","P-11072019-9987360"
"1489","P-11072019-998","P-11072019-9989384"
"1511","P-11072019-999","P-11072019-9996019"
"1512","P-11072019-999","P-11072019-9999990"
"317","P-12012019-262","P-12012019-2624262"
"318","P-12012019-262","P-12012019-2624469"
"319","P-12052019-661","P-12052019-6617617"
"320","P-12052019-662","P-12052019-6626601"
"321","P-12052019-663","P-12052019-6631092"
"322","P-12052019-664","P-12052019-6649113"
"1095","P-12062019-817","P-12062019-8172529"
"1096","P-12062019-818","P-12062019-8187038"
"1097","P-12062019-819","P-12062019-8191277"
"1098","P-12062019-820","P-12062019-8203233"
"1099","P-12062019-821","P-12062019-8211732"
"1100","P-12062019-822","P-12062019-8228743"
"1101","P-12062019-823","P-12062019-8239549"
"1102","P-12062019-824","P-12062019-8249072"
"1103","P-12062019-825","P-12062019-8257233"
"1106","P-12062019-826","P-12062019-8262313"
"1104","P-12062019-826","P-12062019-8263089"
"1105","P-12062019-826","P-12062019-8266452"
"1108","P-12062019-827","P-12062019-8272895"
"1109","P-12062019-827","P-12062019-8277714"
"1107","P-12062019-827","P-12062019-8279163"
"1110","P-12062019-828","P-12062019-8288404"
"1111","P-12062019-829","P-12062019-8299570"
"1112","P-12062019-830","P-12062019-8304805"
"1113","P-12062019-831","P-12062019-8317754"
"1114","P-12062019-832","P-12062019-8327361"
"1115","P-12062019-833","P-12062019-8335772"
"1116","P-12062019-834","P-12062019-8342991"
"1117","P-12062019-835","P-12062019-8356057"
"1118","P-12062019-836","P-12062019-8362345"
"1119","P-12062019-837","P-12062019-8377263"
"1120","P-12062019-838","P-12062019-8382628"
"1499","P-12072019-1002","P-12072019-10022315"
"1498","P-12072019-1002","P-12072019-10025304"
"323","P-13012019-263","P-13012019-2638227"
"324","P-13012019-264","P-13012019-2648722"
"325","P-13012019-265","P-13012019-2658779"
"326","P-13012019-266","P-13012019-2666535"
"327","P-13012019-267","P-13012019-2679208"
"328","P-13022019-359","P-13022019-3592018"
"329","P-13022019-360","P-13022019-3601980"
"330","P-13032019-412","P-13032019-4124332"
"331","P-13032019-413","P-13032019-4139650"
"332","P-13032019-414","P-13032019-4149625"
"333","P-13032019-415","P-13032019-4156538"
"334","P-13032019-416","P-13032019-4161563"
"335","P-13032019-416","P-13032019-4163535"
"336","P-13032019-416","P-13032019-4168422"
"337","P-13032019-416","P-13032019-4169464"
"338","P-13032019-417","P-13032019-4172750"
"339","P-13032019-417","P-13032019-4176792"
"340","P-13032019-417","P-13032019-4179334"
"341","P-13032019-418","P-13032019-4182035"
"342","P-13032019-418","P-13032019-4183689"
"343","P-13032019-419","P-13032019-4194961"
"344","P-13052019-665","P-13052019-6652424"
"345","P-13052019-665","P-13052019-6653353"
"1500","P-13072019-1003","P-13072019-10032865"
"1501","P-13072019-1003","P-13072019-10039709"
"1503","P-13072019-1004","P-13072019-10045130"
"1502","P-13072019-1004","P-13072019-10045835"
"1504","P-13072019-1005","P-13072019-10052256"
"1505","P-13072019-1006","P-13072019-10068229"
"1506","P-13072019-1007","P-13072019-10072652"
"346","P-14012019-268","P-14012019-2682363"
"347","P-14012019-268","P-14012019-2682548"
"348","P-14012019-268","P-14012019-2686117"
"349","P-14012019-268","P-14012019-2686252"
"350","P-14012019-269","P-14012019-2693472"
"351","P-14012019-270","P-14012019-2702604"
"352","P-14012019-270","P-14012019-2704413"
"353","P-14012019-271","P-14012019-2716190"
"354","P-14012019-271","P-14012019-2719842"
"355","P-14012019-272","P-14012019-2722441"
"356","P-14012019-273","P-14012019-2734036"
"357","P-14032019-420","P-14032019-4205244"
"358","P-14032019-421","P-14032019-4218216"
"359","P-14032019-422","P-14032019-4221407"
"360","P-14052019-666","P-14052019-6663782"
"361","P-14052019-666","P-14052019-6666231"
"362","P-14052019-666","P-14052019-6667925"
"363","P-14052019-667","P-14052019-6675488"
"364","P-14052019-667","P-14052019-6676509"
"365","P-14052019-667","P-14052019-6677012"
"366","P-14052019-668","P-14052019-6682649"
"367","P-14052019-668","P-14052019-6684722"
"368","P-14052019-668","P-14052019-6685213"
"369","P-14052019-669","P-14052019-6692904"
"370","P-14052019-669","P-14052019-6696576"
"371","P-14052019-669","P-14052019-6697568"
"372","P-15012019-274","P-15012019-2749079"
"373","P-15012019-275","P-15012019-2754455"
"374","P-15012019-276","P-15012019-2762020"
"375","P-15012019-277","P-15012019-2778336"
"376","P-15012019-278","P-15012019-2785619"
"377","P-15012019-279","P-15012019-2793134"
"378","P-15012019-280","P-15012019-2802059"
"379","P-15012019-281","P-15012019-2811169"
"380","P-15012019-282","P-15012019-2829251"
"381","P-15012019-283","P-15012019-2833874"
"382","P-15012019-284","P-15012019-2846063"
"383","P-15012019-285","P-15012019-2854822"
"384","P-15012019-286","P-15012019-2866934"
"385","P-15012019-287","P-15012019-2871835"
"386","P-15012019-288","P-15012019-2887130"
"387","P-15012019-289","P-15012019-2896295"
"388","P-15012019-290","P-15012019-2904664"
"389","P-15012019-291","P-15012019-2913940"
"390","P-15012019-292","P-15012019-2922458"
"391","P-15012019-293","P-15012019-2934102"
"392","P-15012019-294","P-15012019-2942627"
"393","P-15012019-295","P-15012019-2957402"
"394","P-15012019-296","P-15012019-2962752"
"395","P-15012019-297","P-15012019-2973187"
"396","P-15012019-298","P-15012019-2985074"
"397","P-15032019-423","P-15032019-4233206"
"398","P-15032019-424","P-15032019-4244635"
"399","P-15032019-425","P-15032019-4253843"
"400","P-15032019-426","P-15032019-4265050"
"401","P-15032019-427","P-15032019-4275479"
"877","P-15032019-428","P-15032019-4282163"
"875","P-15032019-428","P-15032019-4285513"
"873","P-15032019-428","P-15032019-4288575"
"405","P-15052019-670","P-15052019-6709632"
"406","P-15052019-671","P-15052019-6711252"
"407","P-15052019-672","P-15052019-6728803"
"408","P-15052019-673","P-15052019-6732126"
"409","P-15052019-674","P-15052019-6742560"
"410","P-15052019-675","P-15052019-6755459"
"411","P-15052019-676","P-15052019-6761296"
"412","P-15052019-677","P-15052019-6776475"
"413","P-15052019-678","P-15052019-6788951"
"414","P-15052019-679","P-15052019-6792631"
"415","P-15052019-680","P-15052019-6809440"
"416","P-15052019-681","P-15052019-6817254"
"417","P-15052019-682","P-15052019-6823987"
"418","P-15052019-683","P-15052019-6833332"
"419","P-15052019-684","P-15052019-6843868"
"420","P-15052019-685","P-15052019-6859106"
"421","P-15052019-686","P-15052019-6867235"
"422","P-15052019-687","P-15052019-6872422"
"423","P-15052019-688","P-15052019-6882379"
"424","P-15052019-689","P-15052019-6898929"
"425","P-15052019-690","P-15052019-6903087"
"426","P-15052019-691","P-15052019-6914307"
"427","P-15122018-105","P-15122018-1057534"
"428","P-15122018-105","P-15122018-1058614"
"429","P-16012019-299","P-16012019-2997541"
"430","P-16012019-299","P-16012019-2997712"
"431","P-16012019-300","P-16012019-3003994"
"432","P-16012019-300","P-16012019-3006631"
"433","P-16012019-301","P-16012019-3013385"
"434","P-16012019-301","P-16012019-3016348"
"435","P-16012019-302","P-16012019-3027506"
"436","P-16012019-302","P-16012019-3028485"
"437","P-16012019-303","P-16012019-3034345"
"438","P-16052019-692","P-16052019-6929862"
"439","P-16052019-693","P-16052019-6938516"
"440","P-16052019-694","P-16052019-6941700"
"441","P-16052019-695","P-16052019-6953765"
"442","P-16052019-696","P-16052019-6964464"
"443","P-16052019-697","P-16052019-6976859"
"444","P-16052019-698","P-16052019-6986115"
"856","P-16052019-699","P-16052019-6992152"
"445","P-16052019-699","P-16052019-6993361"
"857","P-16052019-699","P-16052019-6998106"
"859","P-16052019-700","P-16052019-7004664"
"860","P-16052019-700","P-16052019-7005565"
"861","P-16052019-701","P-16052019-7016445"
"862","P-16052019-702","P-16052019-7029351"
"863","P-16052019-703","P-16052019-7036003"
"864","P-16052019-704","P-16052019-7046861"
"865","P-16052019-705","P-16052019-7053696"
"878","P-16052019-706","P-16052019-7062500"
"880","P-16052019-706","P-16052019-7062979"
"879","P-16052019-706","P-16052019-7064020"
"881","P-16052019-706","P-16052019-7069844"
"1121","P-16062019-839","P-16062019-8394724"
"1122","P-16062019-839","P-16062019-8395663"
"1123","P-16062019-839","P-16062019-8399221"
"1124","P-16062019-840","P-16062019-8407635"
"1127","P-16062019-841","P-16062019-8411057"
"1125","P-16062019-841","P-16062019-8412711"
"1128","P-16062019-841","P-16062019-8413856"
"1126","P-16062019-841","P-16062019-8414026"
"446","P-17012019-304","P-17012019-3044723"
"447","P-17012019-305","P-17012019-3056523"
"448","P-17042019-550","P-17042019-5502827"
"449","P-17042019-551","P-17042019-5511213"
"450","P-17042019-552","P-17042019-5528145"
"451","P-17042019-553","P-17042019-5534875"
"452","P-17042019-554","P-17042019-5543147"
"453","P-17042019-555","P-17042019-5559463"
"454","P-17042019-556","P-17042019-5562174"
"455","P-17042019-557","P-17042019-5576494"
"456","P-17042019-558","P-17042019-5589787"
"457","P-17042019-559","P-17042019-5592666"
"458","P-17042019-560","P-17042019-5607458"
"459","P-17042019-561","P-17042019-5617739"
"460","P-17042019-562","P-17042019-5629074"
"461","P-17042019-563","P-17042019-5631845"
"462","P-17042019-564","P-17042019-5649011"
"463","P-17042019-565","P-17042019-5654870"
"464","P-17042019-566","P-17042019-5661729"
"465","P-17042019-567","P-17042019-5678523"
"466","P-17042019-568","P-17042019-5685325"
"467","P-17042019-569","P-17042019-5696441"
"468","P-17042019-570","P-17042019-5703042"
"469","P-17042019-571","P-17042019-5719570"
"470","P-17042019-572","P-17042019-5729953"
"471","P-17042019-573","P-17042019-5732875"
"883","P-17052019-706","P-17052019-7063309"
"884","P-17052019-706","P-17052019-7068347"
"885","P-17052019-707","P-17052019-7078110"
"888","P-17052019-708","P-17052019-7081581"
"889","P-17052019-708","P-17052019-7089439"
"890","P-17052019-709","P-17052019-7091563"
"891","P-17052019-709","P-17052019-7091662"
"892","P-17052019-710","P-17052019-7103628"
"893","P-17052019-711","P-17052019-7113591"
"894","P-17052019-712","P-17052019-7125172"
"895","P-17052019-713","P-17052019-7131358"
"896","P-17052019-714","P-17052019-7148154"
"897","P-17052019-715","P-17052019-7153890"
"898","P-17052019-716","P-17052019-7166099"
"899","P-17052019-717","P-17052019-7174679"
"900","P-17052019-718","P-17052019-7187921"
"901","P-17052019-719","P-17052019-7196944"
"902","P-17052019-720","P-17052019-7201564"
"903","P-17052019-721","P-17052019-7212988"
"1129","P-17062019-842","P-17062019-8426334"
"1130","P-17062019-842","P-17062019-8429237"
"1131","P-17062019-843","P-17062019-8432165"
"1132","P-17062019-844","P-17062019-8447871"
"1133","P-17062019-844","P-17062019-8448492"
"1134","P-17062019-845","P-17062019-8453517"
"1135","P-17062019-845","P-17062019-8456121"
"1138","P-17062019-846","P-17062019-8465146"
"1137","P-17062019-846","P-17062019-8467628"
"1139","P-17062019-846","P-17062019-8468418"
"1140","P-17062019-847","P-17062019-8477968"
"1145","P-17062019-848","P-17062019-8485898"
"1143","P-17062019-848","P-17062019-8487512"
"1152","P-17062019-848","P-17062019-8488400"
"1144","P-17062019-848","P-17062019-8488779"
"1142","P-17062019-848","P-17062019-8488858"
"1146","P-17062019-848","P-17062019-8489911"
"1147","P-17062019-849","P-17062019-8497022"
"1151","P-17062019-850","P-17062019-8502223"
"1161","P-17062019-851","P-17062019-8514011"
"1154","P-17062019-851","P-17062019-8517456"
"1155","P-17062019-852","P-17062019-8529513"
"1164","P-17062019-853","P-17062019-8538994"
"1166","P-17062019-854","P-17062019-8544416"
"1167","P-17062019-855","P-17062019-8558487"
"1169","P-17062019-856","P-17062019-8562527"
"1170","P-17062019-857","P-17062019-8575581"
"472","P-18022019-361","P-18022019-3619467"
"473","P-18022019-362","P-18022019-3626037"
"474","P-18032019-429","P-18032019-4297126"
"475","P-18032019-430","P-18032019-4308039"
"476","P-18032019-431","P-18032019-4313970"
"477","P-18032019-432","P-18032019-4321796"
"478","P-18032019-433","P-18032019-4333743"
"479","P-18032019-434","P-18032019-4349161"
"928","P-18052019-721","P-18052019-7211602"
"905","P-18052019-721","P-18052019-7213171"
"906","P-18052019-721","P-18052019-7214334"
"907","P-18052019-722","P-18052019-7221501"
"908","P-18052019-723","P-18052019-7234121"
"909","P-18052019-723","P-18052019-7234179"
"911","P-18052019-724","P-18052019-7242473"
"910","P-18052019-724","P-18052019-7247957"
"912","P-18052019-725","P-18052019-7252281"
"913","P-18052019-725","P-18052019-7252339"
"914","P-18052019-726","P-18052019-7269434"
"916","P-18052019-727","P-18052019-7275161"
"915","P-18052019-727","P-18052019-7278634"
"917","P-18052019-728","P-18052019-7284016"
"918","P-18052019-728","P-18052019-7284039"
"919","P-18052019-729","P-18052019-7294259"
"920","P-18052019-729","P-18052019-7299964"
"922","P-18052019-730","P-18052019-7302055"
"921","P-18052019-730","P-18052019-7304367"
"1171","P-18062019-858","P-18062019-8589481"
"1514","P-18072019-1008","P-18072019-10087124"
"1513","P-18072019-1008","P-18072019-10087832"
"480","P-18112018-78","P-18112018-78a"
"481","P-18112018-79","P-18112018-79a"
"482","P-18112018-80","P-18112018-80a"
"483","P-18112018-81","P-18112018-81a"
"484","P-18112018-82","P-18112018-82a"
"485","P-18112018-82","P-18112018-82b"
"486","P-18112018-84","P-18112018-84a"
"487","P-19012019-306","P-19012019-3068782"
"488","P-19012019-307","P-19012019-3071283"
"489","P-19012019-308","P-19012019-3082482"
"490","P-19012019-309","P-19012019-3095935"
"491","P-19012019-310","P-19012019-3109792"
"492","P-19012019-311","P-19012019-3116618"
"493","P-19012019-312","P-19012019-3124051"
"494","P-19012019-313","P-19012019-3133435"
"495","P-19012019-314","P-19012019-3147313"
"496","P-19012019-315","P-19012019-3156634"
"497","P-19012019-316","P-19012019-3167218"
"498","P-19012019-317","P-19012019-3173823"
"499","P-19022019-363","P-19022019-3632766"
"500","P-19032019-435","P-19032019-4359143"
"501","P-19032019-436","P-19032019-4369918"
"502","P-19032019-437","P-19032019-4374501"
"503","P-19032019-438","P-19032019-4386510"
"504","P-19032019-439","P-19032019-4398643"
"505","P-19032019-440","P-19032019-4407621"
"506","P-19032019-441","P-19032019-4411473"
"507","P-19032019-442","P-19032019-4428214"
"508","P-19032019-443","P-19032019-4431716"
"509","P-19032019-444","P-19032019-4446810"
"510","P-19032019-445","P-19032019-4457608"
"511","P-19032019-446","P-19032019-4467903"
"1172","P-19062019-859","P-19062019-8592339"
"1173","P-19062019-860","P-19062019-8605265"
"1174","P-19062019-861","P-19062019-8611021"
"1200","P-19062019-862","P-19062019-8626000"
"1199","P-19062019-862","P-19062019-8629123"
"1201","P-19062019-863","P-19062019-8636917"
"1202","P-19062019-864","P-19062019-8648455"
"1191","P-19062019-865","P-19062019-8653010"
"1192","P-19062019-866","P-19062019-8662285"
"1193","P-19062019-866","P-19062019-8664921"
"1194","P-19062019-867","P-19062019-8677756"
"1195","P-19062019-867","P-19062019-8678973"
"1197","P-19062019-868","P-19062019-8688375"
"1196","P-19062019-868","P-19062019-8689733"
"1198","P-19062019-869","P-19062019-8696268"
"512","P-20012019-318","P-20012019-3184568"
"513","P-20012019-319","P-20012019-3192273"
"514","P-20012019-320","P-20012019-3201454"
"515","P-20012019-321","P-20012019-3212666"
"516","P-20012019-321","P-20012019-3213902"
"517","P-20012019-322","P-20012019-3227172"
"518","P-20012019-323","P-20012019-3232885"
"519","P-20012019-323","P-20012019-3235821"
"520","P-20012019-324","P-20012019-3243148"
"521","P-20012019-324","P-20012019-3249587"
"522","P-20012019-325","P-20012019-3253254"
"523","P-20012019-325","P-20012019-3253499"
"524","P-20012019-326","P-20012019-3263032"
"525","P-20012019-326","P-20012019-3268590"
"526","P-20012019-327","P-20012019-3274241"
"527","P-20032019-447","P-20032019-4477840"
"528","P-20032019-448","P-20032019-4482279"
"529","P-20032019-449","P-20032019-4497402"
"530","P-20032019-450","P-20032019-4507218"
"531","P-20032019-451","P-20032019-4514133"
"532","P-20032019-452","P-20032019-4521486"
"533","P-20032019-453","P-20032019-4537772"
"534","P-20032019-454","P-20032019-4549119"
"535","P-20032019-455","P-20032019-4557790"
"536","P-20032019-456","P-20032019-4569420"
"537","P-20032019-457","P-20032019-4576208"
"538","P-20032019-458","P-20032019-4585900"
"539","P-20032019-459","P-20032019-4598332"
"540","P-20032019-460","P-20032019-4601091"
"541","P-20032019-461","P-20032019-4614845"
"542","P-20042019-574","P-20042019-5747618"
"543","P-20042019-575","P-20042019-5755975"
"544","P-20042019-576","P-20042019-5767612"
"545","P-20042019-577","P-20042019-5772927"
"546","P-20042019-577","P-20042019-5774926"
"547","P-20042019-578","P-20042019-5782828"
"548","P-20042019-579","P-20042019-5797254"
"549","P-20042019-580","P-20042019-5802219"
"550","P-20042019-581","P-20042019-5812821"
"1222","P-20042019-582","P-20042019-5827203"
"552","P-20042019-583","P-20042019-5836576"
"553","P-20042019-584","P-20042019-5843677"
"554","P-20042019-584","P-20042019-5845762"
"555","P-20042019-584","P-20042019-5847746"
"556","P-20042019-585","P-20042019-5853797"
"557","P-20042019-585","P-20042019-5856481"
"558","P-20042019-585","P-20042019-5857066"
"559","P-20042019-585","P-20042019-5859237"
"560","P-21022019-364","P-21022019-3646404"
"561","P-21022019-365","P-21022019-3652669"
"562","P-21022019-366","P-21022019-3665708"
"563","P-21022019-367","P-21022019-3672921"
"564","P-21022019-368","P-21022019-3686094"
"565","P-21022019-369","P-21022019-3692509"
"566","P-21022019-369","P-21022019-3694228"
"567","P-21022019-369","P-21022019-3698336"
"568","P-21022019-370","P-21022019-3701936"
"569","P-21022019-370","P-21022019-3708480"
"570","P-21022019-371","P-21022019-3718378"
"571","P-21022019-372","P-21022019-3721721"
"572","P-21022019-372","P-21022019-3723983"
"573","P-21022019-372","P-21022019-3725436"
"574","P-21022019-372","P-21022019-3727415"
"575","P-21022019-373","P-21022019-3731605"
"576","P-21022019-373","P-21022019-3734553"
"577","P-21022019-373","P-21022019-3738011"
"578","P-21022019-373","P-21022019-3738898"
"1203","P-21062019-870","P-21062019-8707647"
"1205","P-21062019-871","P-21062019-8719506"
"1206","P-21062019-872","P-21062019-8728812"
"1207","P-21062019-873","P-21062019-8739549"
"1208","P-21062019-874","P-21062019-8749022"
"1209","P-21062019-875","P-21062019-8753856"
"1210","P-21062019-876","P-21062019-8762204"
"1211","P-21062019-877","P-21062019-8774154"
"1212","P-21062019-878","P-21062019-8782754"
"1213","P-21062019-879","P-21062019-8792789"
"1214","P-21062019-880","P-21062019-8804260"
"1215","P-21062019-881","P-21062019-8813725"
"1216","P-21062019-882","P-21062019-8829240"
"1217","P-21062019-883","P-21062019-8831872"
"579","P-21122018-106","P-21122018-1062549"
"580","P-21122018-108","P-21122018-1081942"
"581","P-21122018-109","P-21122018-1099737"
"582","P-22022019-374","P-22022019-3744680"
"930","P-22052019-731","P-22052019-7313189"
"929","P-22052019-731","P-22052019-7313326"
"931","P-22052019-732","P-22052019-7327177"
"932","P-22052019-733","P-22052019-7336830"
"933","P-22052019-734","P-22052019-7342715"
"934","P-22052019-735","P-22052019-7352185"
"935","P-22052019-736","P-22052019-7368720"
"936","P-22052019-737","P-22052019-7379669"
"937","P-22052019-738","P-22052019-7385150"
"940","P-22052019-739","P-22052019-7392133"
"938","P-22052019-739","P-22052019-7396881"
"939","P-22052019-740","P-22052019-7402039"
"941","P-22052019-740","P-22052019-7403419"
"1219","P-22062019-884","P-22062019-8845590"
"1218","P-22062019-884","P-22062019-8846711"
"1221","P-22062019-885","P-22062019-8854061"
"1220","P-22062019-885","P-22062019-8855720"
"1223","P-22062019-886","P-22062019-8869030"
"1224","P-22062019-887","P-22062019-8874742"
"1225","P-22062019-888","P-22062019-8883232"
"1226","P-22062019-889","P-22062019-8899596"
"1227","P-22062019-890","P-22062019-8907804"
"1228","P-22062019-891","P-22062019-8919608"
"1229","P-22062019-892","P-22062019-8926350"
"1230","P-22062019-893","P-22062019-8933370"
"583","P-23022019-375","P-23022019-3753124"
"584","P-23022019-376","P-23022019-3768818"
"585","P-23042019-586","P-23042019-5862874"
"586","P-23042019-587","P-23042019-5876579"
"587","P-23042019-588","P-23042019-5882507"
"588","P-23042019-589","P-23042019-5898118"
"589","P-23042019-590","P-23042019-5901638"
"590","P-23042019-591","P-23042019-5918243"
"591","P-23042019-592","P-23042019-5921272"
"592","P-23042019-593","P-23042019-5934361"
"593","P-23042019-594","P-23042019-5941463"
"594","P-23042019-595","P-23042019-5952443"
"595","P-23042019-596","P-23042019-5965015"
"596","P-23042019-597","P-23042019-5972923"
"597","P-23042019-598","P-23042019-5987036"
"598","P-23042019-599","P-23042019-5991822"
"599","P-23042019-600","P-23042019-6007552"
"600","P-23042019-601","P-23042019-6011619"
"601","P-23042019-602","P-23042019-6029397"
"924","P-23042019-603","P-23042019-6032137"
"602","P-23042019-603","P-23042019-6034285"
"926","P-23042019-604","P-23042019-6043000"
"603","P-23042019-604","P-23042019-6047909"
"604","P-23042019-605","P-23042019-6054140"
"605","P-23042019-605","P-23042019-6057726"
"927","P-23042019-606","P-23042019-6063530"
"607","P-23042019-606","P-23042019-6064591"
"942","P-23052019-741","P-23052019-7411144"
"943","P-23052019-741","P-23052019-7411805"
"945","P-23052019-742","P-23052019-7421224"
"944","P-23052019-742","P-23052019-7424659"
"946","P-23052019-743","P-23052019-7434711"
"947","P-23052019-743","P-23052019-7439358"
"949","P-23052019-744","P-23052019-7445082"
"948","P-23052019-744","P-23052019-7447464"
"951","P-23052019-745","P-23052019-7455839"
"950","P-23052019-745","P-23052019-7456023"
"953","P-23052019-746","P-23052019-7464573"
"952","P-23052019-746","P-23052019-7469732"
"954","P-23052019-747","P-23052019-7472517"
"955","P-23052019-747","P-23052019-7474087"
"958","P-23052019-748","P-23052019-7486396"
"956","P-23052019-748","P-23052019-7489056"
"960","P-23052019-749","P-23052019-7492931"
"959","P-23052019-749","P-23052019-7497385"
"961","P-23052019-750","P-23052019-7508902"
"962","P-23052019-750","P-23052019-7509539"
"964","P-23052019-751","P-23052019-7512958"
"963","P-23052019-751","P-23052019-7516259"
"966","P-23052019-752","P-23052019-7522039"
"965","P-23052019-752","P-23052019-7528882"
"967","P-23052019-753","P-23052019-7534384"
"968","P-23052019-753","P-23052019-7537718"
"970","P-23052019-754","P-23052019-7544108"
"969","P-23052019-754","P-23052019-7548025"
"972","P-23052019-755","P-23052019-7557417"
"971","P-23052019-755","P-23052019-7559790"
"973","P-23052019-756","P-23052019-7561321"
"974","P-23052019-756","P-23052019-7562759"
"975","P-23052019-757","P-23052019-7574341"
"976","P-23052019-757","P-23052019-7577091"
"977","P-23052019-758","P-23052019-7586731"
"978","P-23052019-758","P-23052019-7589996"
"980","P-23052019-759","P-23052019-7594619"
"979","P-23052019-759","P-23052019-7598642"
"983","P-23052019-760","P-23052019-7601491"
"982","P-23052019-760","P-23052019-7605281"
"981","P-23052019-760","P-23052019-7608246"
"984","P-23052019-761","P-23052019-7617825"
"985","P-23052019-762","P-23052019-7623722"
"986","P-23052019-763","P-23052019-7634309"
"1231","P-23062019-894","P-23062019-8949652"
"1232","P-23062019-895","P-23062019-8956169"
"1515","P-23072019-1009","P-23072019-10093925"
"1516","P-23072019-1010","P-23072019-10102662"
"1517","P-23072019-1011","P-23072019-10116435"
"1518","P-23072019-1012","P-23072019-10128615"
"1519","P-23072019-1013","P-23072019-10139205"
"1520","P-23072019-1014","P-23072019-10141537"
"1521","P-23072019-1015","P-23072019-10155312"
"1522","P-23072019-1016","P-23072019-10164792"
"608","P-24042019-607","P-24042019-6073904"
"609","P-24042019-608","P-24042019-6081983"
"610","P-24042019-609","P-24042019-6095028"
"611","P-24042019-610","P-24042019-6102206"
"612","P-24042019-611","P-24042019-6111705"
"613","P-24042019-612","P-24042019-6123348"
"614","P-24042019-612","P-24042019-6124501"
"615","P-24042019-612","P-24042019-6124885"
"616","P-24042019-612","P-24042019-6129099"
"617","P-24042019-613","P-24042019-6135624"
"618","P-24042019-614","P-24042019-6142555"
"1233","P-24062019-896","P-24062019-8961591"
"1234","P-24062019-897","P-24062019-8979523"
"1235","P-24062019-898","P-24062019-8988977"
"1236","P-24062019-899","P-24062019-8995861"
"1239","P-24062019-900","P-24062019-9002985"
"1238","P-24062019-900","P-24062019-9006100"
"1240","P-24062019-900","P-24062019-9007811"
"1241","P-24062019-901","P-24062019-9019080"
"1242","P-24062019-902","P-24062019-9026812"
"619","P-24112018-87","P-24112018-87a"
"620","P-24112018-88","P-24112018-88a"
"621","P-24112018-89","P-24112018-89b"
"622","P-24112018-89","P-24112018-89d"
"623","P-24112018-90","P-24112018-90a"
"624","P-24112018-91","P-24112018-91a"
"625","P-24112018-92","P-24112018-92a"
"626","P-25022019-377","P-25022019-3779296"
"627","P-25022019-378","P-25022019-3783854"
"628","P-25022019-379","P-25022019-3791915"
"629","P-25022019-380","P-25022019-3805783"
"630","P-25022019-381","P-25022019-3812711"
"631","P-25022019-382","P-25022019-3828641"
"632","P-25022019-383","P-25022019-3835818"
"633","P-25022019-384","P-25022019-3848719"
"987","P-25052019-764","P-25052019-7645069"
"988","P-25052019-765","P-25052019-7656469"
"989","P-25052019-766","P-25052019-7668182"
"1243","P-25062019-903","P-25062019-9039933"
"1244","P-25062019-903","P-25062019-9039974"
"1246","P-25062019-904","P-25062019-9045147"
"1245","P-25062019-904","P-25062019-9046827"
"1247","P-25062019-905","P-25062019-9058071"
"1249","P-25062019-906","P-25062019-9061135"
"1248","P-25062019-906","P-25062019-9068449"
"1250","P-25062019-907","P-25062019-9071254"
"1251","P-25062019-908","P-25062019-9086662"
"1252","P-25062019-909","P-25062019-9098415"
"1253","P-25062019-910","P-25062019-9102262"
"1254","P-25062019-911","P-25062019-9114413"
"1256","P-25062019-912","P-25062019-9121672"
"1257","P-25062019-913","P-25062019-9134816"
"1258","P-25062019-914","P-25062019-9147580"
"1259","P-25062019-915","P-25062019-9158029"
"634","P-25122018-110","P-25122018-1104179"
"635","P-25122018-111","P-25122018-1118438"
"636","P-25122018-112","P-25122018-1123570"
"637","P-25122018-113","P-25122018-1136411"
"638","P-25122018-114","P-25122018-1141812"
"639","P-25122018-115","P-25122018-1157131"
"640","P-26022019-385","P-26022019-3856362"
"641","P-26022019-386","P-26022019-3866583"
"642","P-26022019-387","P-26022019-3875768"
"643","P-26022019-388","P-26022019-3883687"
"644","P-26022019-388","P-26022019-3887529"
"645","P-26022019-389","P-26022019-3892036"
"646","P-26022019-390","P-26022019-3901414"
"647","P-26032019-462","P-26032019-4625587"
"648","P-26032019-463","P-26032019-4639340"
"649","P-26032019-464","P-26032019-4644811"
"650","P-26032019-465","P-26032019-4659166"
"651","P-26032019-466","P-26032019-4663141"
"652","P-26032019-466","P-26032019-4665876"
"653","P-26032019-467","P-26032019-4677600"
"654","P-26032019-467","P-26032019-4677919"
"655","P-26032019-468","P-26032019-4682416"
"656","P-26032019-468","P-26032019-4683139"
"657","P-26032019-468","P-26032019-4686670"
"658","P-26032019-469","P-26032019-4696433"
"659","P-26032019-470","P-26032019-4702378"
"660","P-26032019-470","P-26032019-4703154"
"1273","P-26062019-916","P-26062019-9166985"
"1272","P-27062019-917","P-27062019-9175519"
"1271","P-27062019-917","P-27062019-9178203"
"1269","P-27062019-918","P-27062019-9183259"
"1270","P-27062019-918","P-27062019-9186428"
"1274","P-27062019-919","P-27062019-9191052"
"1277","P-27062019-919","P-27062019-9191230"
"1276","P-27062019-919","P-27062019-9193057"
"1275","P-27062019-919","P-27062019-9195694"
"1278","P-27062019-920","P-27062019-9207209"
"1279","P-27062019-921","P-27062019-9215730"
"1280","P-27062019-922","P-27062019-9227000"
"1281","P-27062019-923","P-27062019-9231732"
"1282","P-27062019-924","P-27062019-9249613"
"1283","P-27062019-925","P-27062019-9252888"
"1284","P-27062019-926","P-27062019-9261780"
"1285","P-27062019-927","P-27062019-9278372"
"1286","P-27062019-928","P-27062019-9282327"
"1287","P-27062019-929","P-27062019-9294130"
"1288","P-27062019-930","P-27062019-9309926"
"661","P-28022019-391","P-28022019-3918923"
"662","P-28022019-392","P-28022019-3925551"
"663","P-28022019-393","P-28022019-3939477"
"664","P-28022019-394","P-28022019-3944706"
"665","P-28022019-395","P-28022019-3957959"
"666","P-28022019-396","P-28022019-3963855"
"667","P-28022019-397","P-28022019-3971540"
"668","P-28022019-398","P-28022019-3989536"
"669","P-28022019-399","P-28022019-3991922"
"670","P-28022019-400","P-28022019-4008892"
"671","P-28032019-471","P-28032019-4715427"
"672","P-28032019-472","P-28032019-4728529"
"673","P-28032019-473","P-28032019-4731184"
"674","P-28032019-474","P-28032019-4743118"
"675","P-28032019-475","P-28032019-4753394"
"676","P-28032019-476","P-28032019-4761841"
"677","P-28032019-476","P-28032019-4761980"
"678","P-28032019-476","P-28032019-4763746"
"679","P-28032019-476","P-28032019-4764751"
"680","P-28032019-476","P-28032019-4766154"
"681","P-28032019-476","P-28032019-4769131"
"682","P-28032019-476","P-28032019-4769341"
"683","P-28032019-477","P-28032019-4773034"
"684","P-28032019-477","P-28032019-4778889"
"685","P-28032019-478","P-28032019-4781575"
"686","P-28032019-478","P-28032019-4782318"
"687","P-28032019-478","P-28032019-4787532"
"688","P-28032019-478","P-28032019-4789010"
"689","P-28032019-478","P-28032019-4789233"
"690","P-28032019-479","P-28032019-4791543"
"990","P-28052019-767","P-28052019-7677233"
"1289","P-28062019-931","P-28062019-9312488"
"1292","P-28062019-931","P-28062019-9315295"
"1290","P-28062019-931","P-28062019-9315343"
"1291","P-28062019-931","P-28062019-9315527"
"1293","P-28062019-932","P-28062019-9328541"
"691","P-28122018-116","P-28122018-1165397"
"692","P-29032019-480","P-29032019-4803418"
"693","P-29032019-481","P-29032019-4816558"
"694","P-29032019-482","P-29032019-4822117"
"695","P-29032019-483","P-29032019-4832503"
"696","P-29032019-484","P-29032019-4842829"
"697","P-29032019-485","P-29032019-4857527"
"698","P-29032019-486","P-29032019-4865008"
"699","P-29032019-487","P-29032019-4873742"
"700","P-29032019-488","P-29032019-4885739"
"701","P-29032019-489","P-29032019-4897527"
"702","P-29032019-490","P-29032019-4905592"
"703","P-29032019-491","P-29032019-4913262"
"704","P-29032019-492","P-29032019-4925577"
"705","P-29042019-615","P-29042019-6152088"
"991","P-29052019-768","P-29052019-7688745"
"992","P-29052019-769","P-29052019-7697857"
"993","P-29052019-770","P-29052019-7709785"
"994","P-29052019-771","P-29052019-7713148"
"1295","P-29062019-933","P-29062019-9333327"
"1294","P-29062019-933","P-29062019-9337799"
"1296","P-29062019-934","P-29062019-9342348"
"1297","P-29062019-935","P-29062019-9359288"
"1298","P-29062019-936","P-29062019-9361467"
"1299","P-29062019-937","P-29062019-9371831"
"1301","P-29062019-937","P-29062019-9372131"
"1300","P-29062019-937","P-29062019-9372919"
"1302","P-29062019-937","P-29062019-9378194"
"1303","P-29062019-938","P-29062019-9386966"
"1304","P-29062019-939","P-29062019-9394728"
"1320","P-29062019-940","P-29062019-9405151"
"706","P-29122018-117","P-29122018-1171503"
"707","P-29122018-117","P-29122018-1178614"
"708","P-29122018-118","P-29122018-1181152"
"709","P-29122018-119","P-29122018-1195896"
"710","P-29122018-120","P-29122018-1201987"
"711","P-29122018-121","P-29122018-1211159"
"712","P-29122018-121","P-29122018-1216339"
"713","P-29122018-121","P-29122018-1217011"
"714","P-29122018-122","P-29122018-1225885"
"715","P-29122018-123","P-29122018-1231210"
"716","P-29122018-123","P-29122018-1232284"
"717","P-29122018-123","P-29122018-1236120"
"718","P-29122018-123","P-29122018-1236986"
"719","P-29122018-123","P-29122018-1237481"
"720","P-29122018-124","P-29122018-1244997"
"721","P-29122018-125","P-29122018-1252147"
"722","P-29122018-125","P-29122018-1254935"
"723","P-29122018-125","P-29122018-1255464"
"724","P-29122018-125","P-29122018-1255674"
"725","P-29122018-125","P-29122018-1256855"
"726","P-29122018-125","P-29122018-1257515"
"727","P-29122018-125","P-29122018-1257647"
"728","P-29122018-125","P-29122018-1259940"
"729","P-29122018-126","P-29122018-1261906"
"730","P-29122018-126","P-29122018-1267347"
"731","P-29122018-126","P-29122018-1269109"
"732","P-29122018-126","P-29122018-1269308"
"733","P-29122018-127","P-29122018-1273097"
"734","P-29122018-127","P-29122018-1275655"
"735","P-29122018-127","P-29122018-1278704"
"736","P-29122018-127","P-29122018-1279072"
"737","P-30032019-493","P-30032019-4933186"
"738","P-30032019-493","P-30032019-4933749"
"739","P-30032019-493","P-30032019-4934004"
"740","P-30032019-493","P-30032019-4937526"
"741","P-30032019-494","P-30032019-4942006"
"742","P-30032019-494","P-30032019-4942316"
"743","P-30032019-494","P-30032019-4943471"
"744","P-30032019-494","P-30032019-4946211"
"745","P-30032019-494","P-30032019-4947363"
"746","P-30122018-128","P-30122018-1286902"
"747","P-30122018-128","P-30122018-1287917"
"748","P-30122018-128","P-30122018-1289127"
"749","P-30122018-128","P-30122018-1289949"
"750","P-30122018-129","P-30122018-1291080"
"751","P-30122018-129","P-30122018-1298435"
"752","P-30122018-129","P-30122018-1299464"
"753","P-30122018-129","P-30122018-1299731"
"754","P-30122018-130","P-30122018-1301011"
"755","P-30122018-130","P-30122018-1301455"
"756","P-30122018-130","P-30122018-1306512"
"757","P-30122018-130","P-30122018-1306811"
"758","P-30122018-130","P-30122018-1308910"
"759","P-30122018-131","P-30122018-1311647"
"760","P-30122018-132","P-30122018-1321907"
"761","P-30122018-132","P-30122018-1324879"
"762","P-30122018-132","P-30122018-1324997"
"763","P-30122018-132","P-30122018-1328849"
"764","P-30122018-133","P-30122018-1331667"
"765","P-30122018-134","P-30122018-1344511"
"766","P-30122018-135","P-30122018-1356194"
"767","P-30122018-136","P-30122018-1361277"
"768","P-30122018-137","P-30122018-1372727"
"769","P-30122018-138","P-30122018-1382261"
"770","P-30122018-139","P-30122018-1393091"
"771","P-30122018-139","P-30122018-1394456"
"772","P-30122018-139","P-30122018-1396392"
"773","P-30122018-140","P-30122018-1401948"
"774","P-30122018-140","P-30122018-1404937"
"775","P-30122018-140","P-30122018-1405490"
"776","P-30122018-140","P-30122018-1406260"
"777","P-30122018-141","P-30122018-1414096"
"778","P-30122018-141","P-30122018-1415750"
"779","P-30122018-142","P-30122018-1423490"
"780","P-30122018-142","P-30122018-1424464"
"781","P-30122018-142","P-30122018-1425311"
"782","P-30122018-142","P-30122018-1426918"
"783","P-30122018-143","P-30122018-1436658"
"784","P-30122018-144","P-30122018-1447516"
"785","P-30122018-145","P-30122018-1456688"
"786","P-30122018-145","P-30122018-1458398"
"787","P-30122018-146","P-30122018-1463628"
"788","P-30122018-146","P-30122018-1465188"
"789","P-30122018-147","P-30122018-1471747"
"790","P-30122018-148","P-30122018-1481049"
"791","P-30122018-149","P-30122018-1496624"
"792","P-30122018-150","P-30122018-1509714"
"793","P-30122018-151","P-30122018-1513241"
"794","P-30122018-151","P-30122018-1517483"
"795","P-30122018-152","P-30122018-1526162"
"796","P-30122018-153","P-30122018-1534772"
"797","P-30122018-153","P-30122018-1538334"
"798","P-30122018-154","P-30122018-1541395"
"799","P-30122018-154","P-30122018-1544676"
"800","P-30122018-155","P-30122018-1557193"
"801","P-30122018-155","P-30122018-1557784"
"802","P-30122018-156","P-30122018-1564328"
"803","P-30122018-156","P-30122018-1566037"
"804","P-30122018-156","P-30122018-1568684"
"805","P-30122018-157","P-30122018-1572369"
"806","P-30122018-157","P-30122018-1574039"
"807","P-30122018-157","P-30122018-1574752"
"808","P-31122018-158","P-31122018-1585981"
"1160","P-31122018-159","P-31122018-1594653"
"1159","P-31122018-159","P-31122018-1595673"
"1158","P-31122018-159","P-31122018-1597368"
"811","P-31122018-160","P-31122018-1604707"
"812","P-31122018-161","P-31122018-1619792"
"813","P-31122018-162","P-31122018-1624289"
"814","P-31122018-163","P-31122018-1632867"
"815","P-31122018-164","P-31122018-1643467"
"816","P-31122018-165","P-31122018-1659588"
"817","P-31122018-166","P-31122018-1661825"
"818","P-31122018-166","P-31122018-1667291"
"819","P-31122018-167","P-31122018-1671751"
"820","P-31122018-167","P-31122018-1679642"
"821","P-31122018-168","P-31122018-1685197"
"822","P-31122018-169","P-31122018-1692254"
"823","P-31122018-170","P-31122018-1707675"
"824","P-31122018-171","P-31122018-1711069"
"825","P-31122018-171","P-31122018-1713354"
"826","P-31122018-171","P-31122018-1715803"
"827","P-31122018-171","P-31122018-1717093"
"828","P-31122018-172","P-31122018-1721286"
"829","P-31122018-172","P-31122018-1724274"
"830","P-31122018-172","P-31122018-1724628"
"831","P-31122018-172","P-31122018-1725000"
"832","P-31122018-172","P-31122018-1727182"
"833","P-31122018-173","P-31122018-1735973"
"834","P-31122018-174","P-31122018-1744672"
"835","P-31122018-175","P-31122018-1752106"
"836","P-31122018-175","P-31122018-1757369"
"837","P-31122018-176","P-31122018-1766142"
"838","P-31122018-176","P-31122018-1766869"
"839","P-31122018-177","P-31122018-1773300"
"840","P-31122018-178","P-31122018-1781833"
"841","P-31122018-178","P-31122018-1788435"
"842","P-31122018-178","P-31122018-1789196"
"843","P-31122018-179","P-31122018-1792353"
"844","P-31122018-179","P-31122018-1792625"
"845","P-31122018-179","P-31122018-1799277"
"846","P-31122018-180","P-31122018-1809545"
"847","P-31122018-181","P-31122018-1816456"
"848","P-31122018-181","P-31122018-1817420"
"849","P-31122018-181","P-31122018-1819743"
"850","P-31122018-182","P-31122018-1823715"
"851","P-31122018-182","P-31122018-1829455"
"852","P-31122018-183","P-31122018-1838878"
"853","P-31122018-184","P-31122018-1846469"
"854","P-31122018-185","P-31122018-1852070"
