"S-1","P-02122018-93","XL","8"
"S-10","P-18112018-84","None","0"
"S-100","P-30122018-145","None","11"
"S-1000","P-23042019-604","6P Black","10"
"S-1001","P-23042019-604","7P White","2"
"S-1002","P-23042019-604","7P Black","1"
"S-1003","P-23042019-604","8P White","2"
"S-1004","P-23042019-604","8P Black","1"
"S-1005","P-23042019-605","Black ","2"
"S-1006","P-23042019-606","Black ","8"
"S-1007","P-23042019-606","White ","3"
"S-1008","P-24042019-607","None","19"
"S-1009","P-24042019-608","None","5"
"S-101","P-30122018-146","40","5"
"S-1010","P-24042019-609","None","5"
"S-1011","P-24042019-610","None","5"
"S-1012","P-24042019-611","None","4"
"S-1013","P-24042019-612","None","5"
"S-1014","P-24042019-613","None","5"
"S-1015","P-24042019-614","None","4"
"S-1016","P-29042019-615","None","8"
"S-1017","P-01052019-616","None","1"
"S-1018","P-01052019-617","Black ","1"
"S-1019","P-01052019-617","Brown","1"
"S-102","P-30122018-146","41","5"
"S-1020","P-01052019-617","Grey","1"
"S-1021","P-01052019-618","Black ","1"
"S-1022","P-01052019-618","Blue","1"
"S-1023","P-01052019-618","Brown ","1"
"S-1024","P-01052019-618","Grey","1"
"S-1025","P-01052019-619","Black ","1"
"S-1026","P-01052019-619","Dark Blue","1"
"S-1027","P-01052019-620","Blue","1"
"S-1028","P-01052019-620","Brown","1"
"S-1029","P-01052019-621","Black","1"
"S-103","P-30122018-146","44","5"
"S-1030","P-01052019-621","Dark Blue","1"
"S-1031","P-01052019-622","Black","1"
"S-1032","P-01052019-622","Blue","1"
"S-1033","P-01052019-623","Black ","1"
"S-1034","P-01052019-623","Dark Blue ","1"
"S-1035","P-01052019-624","White","1"
"S-1036","P-01052019-624","Pink","0"
"S-1037","P-01052019-625","Grey","1"
"S-1038","P-01052019-625","Brown ","1"
"S-1039","P-01052019-626","Black ","1"
"S-104","P-30122018-147","41","5"
"S-1040","P-01052019-626","Dark Blue ","1"
"S-1041","P-02052019-627","7/8","1"
"S-1042","P-02052019-627","7+/8+","0"
"S-1043","P-02052019-627","X/Xs","1"
"S-1044","P-02052019-627","XS Max","1"
"S-1045","P-02052019-628","7/8","1"
"S-1046","P-02052019-628","7+/8+","1"
"S-1047","P-02052019-628","X/Xs","0"
"S-1048","P-02052019-628","XS Max","1"
"S-1049","P-02052019-629","6+ / 6S+","0"
"S-105","P-30122018-147","42","5"
"S-1050","P-02052019-629","7 / 8","1"
"S-1051","P-02052019-629","7+ / 8+","0"
"S-1052","P-02052019-629","X / Xs","1"
"S-1053","P-02052019-629","Xs Max","0"
"S-1054","P-02052019-630","6+ / 6S+","1"
"S-1055","P-02052019-630","7 / 8","1"
"S-1056","P-02052019-630","7+ / 8+","1"
"S-1057","P-02052019-630","X / Xs","0"
"S-1058","P-02052019-630","Xs Max","0"
"S-1059","P-02052019-631","6+ / 6S+","1"
"S-106","P-30122018-147","43","5"
"S-1060","P-02052019-631","7 / 8","1"
"S-1061","P-02052019-631","7+ / 8+","0"
"S-1062","P-02052019-631","X / Xs","0"
"S-1063","P-02052019-631","Xs Max","0"
"S-1064","P-02052019-632","6+ / 6S+","0"
"S-1065","P-02052019-632","7 / 8","1"
"S-1066","P-02052019-632","7+ / 8+","0"
"S-1067","P-02052019-632","X / Xs","0"
"S-1068","P-02052019-632","Xs Max","0"
"S-1069","P-03052019-633","40","5"
"S-107","P-30122018-147","44","5"
"S-1070","P-03052019-633","41","5"
"S-1071","P-03052019-633","42","5"
"S-1072","P-03052019-633","43","5"
"S-1073","P-03052019-633","44","5"
"S-1074","P-03052019-633","45","5"
"S-1075","P-04052019-634","None","4"
"S-1076","P-04052019-635","None","2"
"S-1077","P-04052019-636","None","3"
"S-1078","P-04052019-637","None","2"
"S-1079","P-04052019-638","None","1"
"S-108","P-30122018-148","40","5"
"S-1080","P-04052019-639","None","2"
"S-1081","P-07052019-640","Carbon Force","0"
"S-1082","P-07052019-640","Titanium Dry","4"
"S-1083","P-07052019-640","Tungsten Strength","4"
"S-1084","P-07052019-640","Nitrous Energy","4"
"S-1085","P-07052019-641","Black","5"
"S-1086","P-07052019-641","Coffee Brown","5"
"S-1087","P-07052019-641","Dark Brown","0"
"S-1088","P-09052019-642","40","5"
"S-1089","P-09052019-642","41","5"
"S-109","P-30122018-148","41","5"
"S-1090","P-09052019-642","42","5"
"S-1091","P-09052019-642","43","5"
"S-1092","P-09052019-642","44","5"
"S-1093","P-09052019-642","45","5"
"S-1094","P-09052019-643","None","9"
"S-1095","P-09052019-644","None","5"
"S-1096","P-09052019-645","None","5"
"S-1097","P-09052019-646","None","5"
"S-1098","P-09052019-647","None","5"
"S-1099","P-09052019-648","None","5"
"S-11","P-24112018-87","None","5"
"S-110","P-30122018-148","42","5"
"S-1100","P-09052019-649","None","5"
"S-1101","P-09052019-650","None","5"
"S-1102","P-09052019-651","None","5"
"S-1103","P-09052019-652","None","5"
"S-1104","P-09052019-653","None","5"
"S-1105","P-09052019-654","None","5"
"S-1106","P-09052019-655","None","5"
"S-1107","P-10052019-656","None","97"
"S-1108","P-11052019-657","None","100"
"S-1109","P-11052019-658","White","5"
"S-111","P-30122018-148","43","5"
"S-1110","P-11052019-658","Black","11"
"S-1111","P-11052019-659","None","10"
"S-1112","P-11052019-660","None","10"
"S-1113","P-12052019-661","M","10"
"S-1114","P-12052019-661","L","10"
"S-1115","P-12052019-661","XL","10"
"S-1116","P-12052019-662","M","10"
"S-1117","P-12052019-662","L","10"
"S-1118","P-12052019-662","XL","10"
"S-1119","P-12052019-663","M","10"
"S-112","P-30122018-149","None","13"
"S-1120","P-12052019-663","L","10"
"S-1121","P-12052019-663","XL","10"
"S-1122","P-12052019-664","M","10"
"S-1123","P-12052019-664","L","10"
"S-1124","P-12052019-664","XL","10"
"S-1125","P-13052019-665","Black","3"
"S-1126","P-13052019-665","Blue","2"
"S-1127","P-13052019-665","White","5"
"S-1128","P-14052019-666","Cocoa Butter","10"
"S-1129","P-14052019-666","Avocado Milk","0"
"S-113","P-30122018-150","40","1"
"S-1130","P-14052019-666","Coconut","10"
"S-1131","P-14052019-667","Ice","9"
"S-1132","P-14052019-667","Fire","0"
"S-1133","P-14052019-667","Storm","0"
"S-1134","P-14052019-668","Ice","10"
"S-1135","P-14052019-668","Fire","0"
"S-1136","P-14052019-668","Storm","0"
"S-1137","P-14052019-669","Cocoa Butter","9"
"S-1138","P-14052019-669","Avocado Milk","10"
"S-1139","P-14052019-669","Coconut","10"
"S-114","P-30122018-150","41","1"
"S-1140","P-15052019-670","None","20"
"S-1141","P-15052019-671","None","1"
"S-1142","P-15052019-672","None","1"
"S-1143","P-15052019-673","None","10"
"S-1144","P-15052019-674","None","20"
"S-1145","P-15052019-675","None","20"
"S-1146","P-15052019-676","None","20"
"S-1147","P-15052019-677","None","1"
"S-1148","P-15052019-678","None","11"
"S-1149","P-15052019-679","None","0"
"S-115","P-30122018-150","43","1"
"S-1150","P-15052019-680","None","0"
"S-1151","P-15052019-681","None","20"
"S-1152","P-15052019-682","None","2"
"S-1153","P-15052019-683","None","15"
"S-1154","P-15052019-684","None","15"
"S-1155","P-15052019-685","None","10"
"S-1156","P-15052019-686","None","25"
"S-1157","P-15052019-687","None","15"
"S-1158","P-15052019-688","None","6"
"S-1159","P-15052019-689","None","8"
"S-116","P-30122018-151","None","20"
"S-1160","P-15052019-690","None","24"
"S-1161","P-15052019-691","None","3"
"S-1162","P-16052019-692","None","25"
"S-1163","P-16052019-693","None","33"
"S-1164","P-16052019-694","None","3"
"S-1165","P-16052019-695","None","25"
"S-1166","P-16052019-696","None","20"
"S-1167","P-16052019-697","None","20"
"S-1168","P-16052019-698","None","5"
"S-1169","P-16052019-699","None","5"
"S-117","P-30122018-152","None","20"
"S-1170","P-16052019-700","None","5"
"S-1171","P-16052019-701","None","5"
"S-1172","P-16052019-702","None","5"
"S-1173","P-16052019-703","None","5"
"S-1174","P-16052019-704","None","5"
"S-1175","P-16052019-705","None","6"
"S-1176","P-17052019-706","XS / X","1"
"S-1177","P-17052019-706","XS Max","1"
"S-1178","P-17052019-707","XS / X","1"
"S-1179","P-17052019-707","XS Max","1"
"S-118","P-30122018-153","None","20"
"S-1180","P-17052019-708","7 / 8","1"
"S-1181","P-17052019-708","Xs Max","1"
"S-1182","P-17052019-709","7 Plus","1"
"S-1183","P-17052019-709","8 Plus","1"
"S-1184","P-17052019-710","None","1"
"S-1185","P-17052019-711","None","1"
"S-1186","P-17052019-712","None","1"
"S-1187","P-17052019-713","None","3"
"S-1188","P-17052019-714","None","2"
"S-1189","P-17052019-715","None","1"
"S-119","P-30122018-154","None","12"
"S-1190","P-17052019-716","None","1"
"S-1191","P-17052019-717","None","1"
"S-1192","P-17052019-718","None","1"
"S-1193","P-17052019-719","None","1"
"S-1194","P-17052019-720","None","1"
"S-1195","P-18052019-721","White Max","2"
"S-1196","P-18052019-721","Black Max","1"
"S-1197","P-18052019-721","Black X/XS","1"
"S-1198","P-18052019-721","White X/XS","1"
"S-1199","P-18052019-722","None","1"
"S-12","P-24112018-88","None","5"
"S-120","P-30122018-155","None","14"
"S-1200","P-18052019-723","None","1"
"S-1201","P-18052019-724","None","1"
"S-1202","P-18052019-725","None","0"
"S-1203","P-18052019-726","None","1"
"S-1204","P-18052019-727","None","1"
"S-1205","P-18052019-728","None","1"
"S-1206","P-18052019-729","None","1"
"S-1207","P-18052019-730","None","1"
"S-1208","P-22052019-731","Green","1"
"S-1209","P-22052019-731","Brown","1"
"S-121","P-30122018-156","None","13"
"S-1210","P-22052019-732","60 Capsule Bottle","4"
"S-1211","P-22052019-733","None","20"
"S-1212","P-22052019-734","None","20"
"S-1213","P-22052019-735","None","20"
"S-1214","P-22052019-736","None","18"
"S-1215","P-22052019-737","None","20"
"S-1216","P-22052019-738","None","20"
"S-1217","P-22052019-739","None","1"
"S-1218","P-22052019-740","None","1"
"S-1219","P-23052019-741","None","1"
"S-122","P-30122018-157","None","14"
"S-1220","P-23052019-742","None","1"
"S-1221","P-23052019-743","None","1"
"S-1222","P-23052019-744","None","1"
"S-1223","P-23052019-745","None","1"
"S-1224","P-23052019-746","None","1"
"S-1225","P-23052019-747","None","1"
"S-1226","P-23052019-748","None","1"
"S-1227","P-23052019-749","None","1"
"S-1228","P-23052019-750","None","1"
"S-1229","P-23052019-751","None","1"
"S-123","P-31122018-158","None","8"
"S-1230","P-23052019-752","None","1"
"S-1231","P-23052019-753","None","1"
"S-1232","P-23052019-754","None","1"
"S-1233","P-23052019-755","None","1"
"S-1234","P-23052019-756","None","1"
"S-1235","P-23052019-757","None","1"
"S-1236","P-23052019-758","None","1"
"S-1237","P-23052019-759","None","1"
"S-1238","P-23052019-760","Black","5"
"S-1239","P-23052019-760","Dark Brown","2"
"S-124","P-31122018-159","None","8"
"S-1240","P-23052019-760","Light Brown","3"
"S-1241","P-23052019-761","None","50"
"S-1242","P-23052019-762","None","20"
"S-1243","P-23052019-763","None","20"
"S-1244","P-25052019-764","None","100"
"S-1245","P-25052019-765","None","100"
"S-1246","P-25052019-766","None","100"
"S-1247","P-28052019-767","None","49"
"S-1248","P-29052019-768","None","8"
"S-1249","P-29052019-769","None","6"
"S-125","P-31122018-160","None","0"
"S-1250","P-29052019-770","None","3"
"S-1251","P-29052019-771","None","3"
"S-1252","P-01062019-772","None","2"
"S-1253","P-01062019-773","Desert Charm","50"
"S-1254","P-01062019-773","Lavendar","50"
"S-1255","P-01062019-773","Lily","50"
"S-1256","P-01062019-773","White Rose","50"
"S-1257","P-05062019-774","Black","5"
"S-1258","P-05062019-774","White","4"
"S-1259","P-05062019-775","None","2"
"S-126","P-31122018-161","None","2"
"S-1260","P-05062019-776","None","4"
"S-1261","P-05062019-777","None","4"
"S-1262","P-05062019-778","White","5"
"S-1263","P-05062019-778","Black","9"
"S-1264","P-05062019-779","White","6"
"S-1265","P-05062019-779","Black","10"
"S-1266","P-05062019-780","White","10"
"S-1267","P-05062019-780","Black","10"
"S-1268","P-05062019-781","X-White","5"
"S-1269","P-05062019-781","X-Black","10"
"S-127","P-31122018-162","None","0"
"S-1270","P-05062019-781","XR-White","5"
"S-1271","P-05062019-781","XR-Black","5"
"S-1272","P-05062019-782","White ","5"
"S-1273","P-05062019-782","Black ","7"
"S-1274","P-07062019-783","None","10"
"S-1275","P-08062019-784","None","3"
"S-1276","P-10062019-785","None","100"
"S-1277","P-10062019-786","None","100"
"S-1278","P-10062019-787","None","100"
"S-1279","P-10062019-788","None","14"
"S-128","P-31122018-163","None","8"
"S-1280","P-10062019-789","None","10"
"S-1281","P-10062019-790","None","10"
"S-1282","P-10062019-791","None","7"
"S-1283","P-10062019-792","None","8"
"S-1284","P-10062019-793","None","9"
"S-1285","P-10062019-794","None","11"
"S-1286","P-10062019-795","None","12"
"S-1287","P-10062019-796","None","100"
"S-1288","P-10062019-797","None","100"
"S-1289","P-10062019-798","None","100"
"S-129","P-31122018-164","None","7"
"S-1290","P-10062019-799","None","100"
"S-1291","P-10062019-800","None","100"
"S-1292","P-10062019-801","None","100"
"S-1293","P-10062019-802","None","100"
"S-1294","P-10062019-803","None","100"
"S-1295","P-10062019-804","None","100"
"S-1296","P-10062019-805","None","100"
"S-1297","P-10062019-806","None","100"
"S-1298","P-10062019-807","None","100"
"S-1299","P-10062019-808","None","100"
"S-13","P-24112018-89","None","5"
"S-130","P-31122018-165","None","6"
"S-1300","P-10062019-809","None","100"
"S-1301","P-10062019-810","None","100"
"S-1302","P-10062019-811","None","100"
"S-1303","P-10062019-812","None","100"
"S-1304","P-10062019-813","None","100"
"S-1305","P-10062019-814","None","10"
"S-1306","P-10062019-815","None","100"
"S-1307","P-10062019-816","None","100"
"S-1308","P-12062019-817","None","2"
"S-131","P-31122018-166","None","7"
"S-1310","P-12062019-818","41","1"
"S-1311","P-12062019-819","41","1"
"S-1312","P-12062019-819","42","1"
"S-1313","P-12062019-819","43","1"
"S-1314","P-12062019-820","41","1"
"S-1315","P-12062019-820","44","1"
"S-1316","P-12062019-821","41","1"
"S-1317","P-12062019-821","43","1"
"S-1318","P-12062019-822","None","1"
"S-1319","P-12062019-823","None","10"
"S-132","P-31122018-167","None","10"
"S-1320","P-12062019-824","None","10"
"S-1321","P-12062019-825","None","10"
"S-1322","P-12062019-826","None","10"
"S-1323","P-12062019-827","None","10"
"S-1324","P-12062019-828","None","5"
"S-1325","P-12062019-829","None","10"
"S-1326","P-12062019-830","None","10"
"S-1327","P-12062019-831","None","10"
"S-1328","P-12062019-832","None","10"
"S-1329","P-12062019-833","None","10"
"S-133","P-31122018-168","None","10"
"S-1330","P-12062019-834","None","10"
"S-1331","P-12062019-835","None","10"
"S-1332","P-12062019-836","None","10"
"S-1333","P-12062019-837","None","10"
"S-1334","P-12062019-838","None","10"
"S-1336","P-16062019-839","XL","4"
"S-1337","P-16062019-839","XXL","5"
"S-1338","P-16062019-839","L","3"
"S-1339","P-16062019-840","None","72"
"S-134","P-31122018-169","None","10"
"S-1340","P-16062019-841","None","6"
"S-1341","P-17062019-842","L","5"
"S-1342","P-17062019-842","XL","4"
"S-1343","P-17062019-842","XXL","4"
"S-1344","P-17062019-843","None","1"
"S-1345","P-17062019-844","M","1"
"S-1346","P-17062019-844","L","3"
"S-1347","P-17062019-844","XL","2"
"S-1348","P-17062019-844","XXL","2"
"S-1349","P-17062019-845","L","4"
"S-135","P-31122018-170","None","10"
"S-1350","P-17062019-845","XL","4"
"S-1351","P-17062019-845","XXL","4"
"S-1352","P-17062019-846","M","1"
"S-1353","P-17062019-846","L","3"
"S-1354","P-17062019-846","XL","4"
"S-1355","P-17062019-847","None","1"
"S-1356","P-17062019-848","L","2"
"S-1357","P-17062019-848","XL","3"
"S-1358","P-17062019-848","XXL","3"
"S-1359","P-17062019-849","L","3"
"S-136","P-31122018-171","None","10"
"S-1360","P-17062019-849","XL","2"
"S-1361","P-17062019-849","XXL","4"
"S-1362","P-17062019-850","None","1"
"S-1363","P-17062019-851","M","3"
"S-1364","P-17062019-851","L","5"
"S-1365","P-17062019-851","XL","4"
"S-1366","P-17062019-851","XXL","4"
"S-1367","P-17062019-852","L","5"
"S-1368","P-17062019-852","XL","5"
"S-1369","P-17062019-852","XXL ","3"
"S-137","P-31122018-172","None","15"
"S-1370","P-17062019-853","L","3"
"S-1371","P-17062019-853","XL","3"
"S-1372","P-17062019-853","XXL ","3"
"S-1373","P-17062019-854","L","2"
"S-1374","P-17062019-854","XL","4"
"S-1375","P-17062019-854","XXL ","2"
"S-1376","P-17062019-855","L","2"
"S-1377","P-17062019-855","XXL ","4"
"S-1378","P-17062019-855","XL","3"
"S-1379","P-17062019-856","L","2"
"S-138","P-31122018-173","None","10"
"S-1380","P-17062019-856","XL","2"
"S-1381","P-17062019-856","XXL","2"
"S-1382","P-17062019-857","L","4"
"S-1383","P-17062019-857","XL","2"
"S-1384","P-17062019-857","XXL","3"
"S-1385","P-18062019-858","35","5"
"S-1386","P-18062019-858","36","5"
"S-1387","P-18062019-858","37","5"
"S-1388","P-18062019-858","38","5"
"S-1389","P-18062019-858","39","5"
"S-139","P-31122018-174","None","10"
"S-1390","P-18062019-858","40","5"
"S-1391","P-18062019-858","41","5"
"S-1392","P-18062019-858","42","5"
"S-1393","P-18062019-858","43","5"
"S-1394","P-18062019-858","44","5"
"S-1395","P-18062019-858","45","5"
"S-1396","P-19062019-859","None","1"
"S-1397","P-19062019-860","43","1"
"S-1398","P-19062019-860","44","1"
"S-1399","P-19062019-861","38","1"
"S-14","P-24112018-90","None","5"
"S-140","P-31122018-175","40","1"
"S-1400","P-19062019-861","39","1"
"S-1401","P-19062019-862","None","1"
"S-1402","P-19062019-863","None","1"
"S-1403","P-19062019-864","None","0"
"S-1404","P-19062019-865","None","1"
"S-1405","P-19062019-866","None","1"
"S-1406","P-19062019-867","7P/8P","1"
"S-1407","P-19062019-867","7/8","0"
"S-1408","P-19062019-868","7P/8P","1"
"S-1409","P-19062019-868","7/8","1"
"S-141","P-31122018-175","41","1"
"S-1410","P-19062019-869","None","1"
"S-1411","P-21062019-870","None","10"
"S-1412","P-21062019-871","None","10"
"S-1413","P-21062019-872","None","10"
"S-1414","P-21062019-873","None","5"
"S-1415","P-21062019-874","None","5"
"S-1416","P-21062019-875","None","5"
"S-1417","P-21062019-876","None","20"
"S-1418","P-21062019-877","None","20"
"S-1419","P-21062019-878","None","5"
"S-142","P-31122018-175","44","1"
"S-1420","P-21062019-879","None","5"
"S-1421","P-21062019-880","None","5"
"S-1422","P-21062019-881","None","20"
"S-1423","P-21062019-882","None","5"
"S-1424","P-21062019-883","None","20"
"S-1425","P-22062019-884","Medium","2"
"S-1426","P-22062019-884","Large","2"
"S-1427","P-22062019-885","Medium","2"
"S-1428","P-22062019-885","Large","2"
"S-1429","P-22062019-886","38","0"
"S-143","P-31122018-176","41","1"
"S-1430","P-22062019-886","39","1"
"S-1431","P-22062019-886","39/40","0"
"S-1432","P-22062019-886","41/42","0"
"S-1433","P-22062019-887","36.5","1"
"S-1434","P-22062019-887","37","1"
"S-1435","P-22062019-887","37.5","1"
"S-1436","P-22062019-887","38","1"
"S-1437","P-22062019-887","38.5","1"
"S-1438","P-22062019-887","39","2"
"S-1439","P-22062019-887","40","1"
"S-144","P-31122018-176","42","1"
"S-1440","P-22062019-887","41","2"
"S-1441","P-22062019-887","42","1"
"S-1442","P-22062019-888","37","1"
"S-1443","P-22062019-888","37.5","1"
"S-1444","P-22062019-888","38","1"
"S-1445","P-22062019-888","39","1"
"S-1446","P-22062019-888","41","2"
"S-1447","P-22062019-888","42","1"
"S-1448","P-22062019-889","37","1"
"S-1449","P-22062019-889","37.5","1"
"S-145","P-31122018-176","44","1"
"S-1450","P-22062019-889","38","0"
"S-1451","P-22062019-889","38.5","0"
"S-1452","P-22062019-889","39","2"
"S-1453","P-22062019-889","41","2"
"S-1454","P-22062019-889","42","1"
"S-1455","P-22062019-890","37","0"
"S-1456","P-22062019-890","39","0"
"S-1457","P-22062019-890","41","0"
"S-1458","P-22062019-891","36.5","1"
"S-1459","P-22062019-891","37.5","1"
"S-146","P-31122018-177","None","7"
"S-1460","P-22062019-891","39","1"
"S-1461","P-22062019-891","40","0"
"S-1462","P-22062019-891","41","2"
"S-1463","P-22062019-892","36.5","1"
"S-1464","P-22062019-892","37.5","2"
"S-1465","P-22062019-892","38","2"
"S-1466","P-22062019-892","38.5","2"
"S-1467","P-22062019-892","39","0"
"S-1468","P-22062019-892","40","0"
"S-1469","P-22062019-893","37","0"
"S-147","P-31122018-178","None","7"
"S-1470","P-22062019-893","37.5","0"
"S-1471","P-22062019-893","38","0"
"S-1472","P-22062019-893","38.5","1"
"S-1473","P-22062019-893","39","0"
"S-1474","P-22062019-888","40","2"
"S-1475","P-23062019-894","37","1"
"S-1476","P-23062019-894","38","0"
"S-1477","P-23062019-895","36.5","1"
"S-1478","P-23062019-895","37","1"
"S-1479","P-23062019-895","40/41","0"
"S-148","P-31122018-179","None","7"
"S-1480","P-23062019-895","41/42","0"
"S-1481","P-24062019-896","None","10"
"S-1482","P-24062019-897","None","10"
"S-1483","P-24062019-898","None","10"
"S-1484","P-24062019-899","None","1"
"S-1485","P-24062019-900","41","1"
"S-1486","P-24062019-900","42","1"
"S-1487","P-24062019-900","43","1"
"S-1488","P-24062019-901","None","1"
"S-1489","P-24062019-902","None","1"
"S-149","P-31122018-180","None","10"
"S-1490","P-25062019-903","Black","1"
"S-1491","P-25062019-903","White","1"
"S-1492","P-25062019-904","39","1"
"S-1493","P-25062019-904","34","1"
"S-1494","P-25062019-905","None","0"
"S-1495","P-25062019-906","None","1"
"S-1496","P-25062019-907","42","1"
"S-1497","P-25062019-907","44","1"
"S-1498","P-25062019-908","None","1"
"S-1499","P-25062019-909","None","1"
"S-15","P-24112018-91","None","5"
"S-150","P-31122018-181","None","7"
"S-1500","P-25062019-910","None","1"
"S-1501","P-25062019-911","None","1"
"S-1502","P-25062019-912","None","1"
"S-1503","P-25062019-913","None","1"
"S-1504","P-25062019-914","42","1"
"S-1505","P-25062019-914","45","1"
"S-1506","P-25062019-915","36","1"
"S-1507","P-25062019-915","37.5","1"
"S-1508","P-25062019-915","38","1"
"S-1509","P-25062019-915","39","1"
"S-151","P-31122018-182","None","10"
"S-1510","P-25062019-915","40","2"
"S-1511","P-25062019-915","41","2"
"S-1512","P-25062019-915","42","1"
"S-1513","P-26062019-916","125ml","3"
"S-1514","P-27062019-917","Pink","0"
"S-1515","P-27062019-917","Green","1"
"S-1516","P-27062019-918","Black ","1"
"S-1517","P-27062019-918","White","1"
"S-1518","P-27062019-919","Blue & White","1"
"S-1519","P-27062019-919","Pink, Green & White","1"
"S-152","P-31122018-183","None","20"
"S-1520","P-27062019-920","None","3"
"S-1521","P-27062019-921","None","2"
"S-1522","P-27062019-922","None","1"
"S-1523","P-27062019-923","None","1"
"S-1524","P-27062019-924","None","2"
"S-1525","P-27062019-925","None","1"
"S-1526","P-27062019-926","None","1"
"S-1527","P-27062019-927","None","2"
"S-1528","P-27062019-928","100ml","3"
"S-1529","P-27062019-929","125ml","3"
"S-153","P-31122018-184","None","10"
"S-1530","P-27062019-930","200ml","3"
"S-1531","P-28062019-931","None","1"
"S-1532","P-28062019-932","None","10"
"S-1533","P-22062019-890","40","0"
"S-1534","P-29062019-933","UK 15","1"
"S-1535","P-29062019-933","US 38","1"
"S-1536","P-29062019-934","200ml","3"
"S-1537","P-29062019-935","UK SIZE 16.5","1"
"S-1538","P-29062019-936","125ml","3"
"S-1539","P-29062019-937","UK SIZE 15. 5","5"
"S-154","P-31122018-185","None","10"
"S-1540","P-29062019-938","100ml","3"
"S-1541","P-29062019-939","100ml","3"
"S-1542","P-29062019-940","120ml","3"
"S-1543","P-01072019-941","S","1"
"S-1544","P-01072019-941","M","0"
"S-1545","P-01072019-942","S","1"
"S-1546","P-01072019-942","M","1"
"S-1547","P-01072019-942","L","1"
"S-1548","P-01072019-943","None","2"
"S-1549","P-01072019-944","Wine Red","1"
"S-155","P-01012019-186","brown","3"
"S-1550","P-01072019-944","Blue","1"
"S-1551","P-01072019-945","36","1"
"S-1552","P-01072019-946","37","0"
"S-1553","P-01072019-947","36","0"
"S-1554","P-01072019-948","38","1"
"S-1555","P-01072019-949","37","2"
"S-1556","P-01072019-945","40","1"
"S-1557","P-01072019-946","37/38","1"
"S-1558","P-01072019-946","39","1"
"S-1559","P-01072019-946","40","0"
"S-156","P-01012019-186","41","1"
"S-1560","P-01072019-946","41","1"
"S-1561","P-01072019-947","37","1"
"S-1562","P-01072019-950","36     ","1"
"S-1563","P-01072019-950","36.5","0"
"S-1564","P-01072019-950","37","1"
"S-1565","P-01072019-950","37.5","1"
"S-1566","P-01072019-950","38","2"
"S-1567","P-01072019-949","38","0"
"S-1568","P-01072019-948","36","0"
"S-1569","P-01072019-945","38.5","1"
"S-157","P-01012019-186","42","1"
"S-1570","P-01072019-945","39","0"
"S-1571","P-01072019-947","38.5/39","0"
"S-1572","P-01072019-949","39","0"
"S-1573","P-22062019-886","37.5","0"
"S-1574","P-22062019-886","38.5","1"
"S-1575","P-22062019-886","41","0"
"S-1576","P-29062019-937","Default","0"
"S-1577","P-29062019-935","Default","0"
"S-1578","P-22062019-891","38.5","1"
"S-1579","P-05072019-951","UK 6 ( With Belthohes )","5"
"S-158","P-01012019-187","40","1"
"S-1580","P-05072019-951","UK 6 ( No Beltholes )","5"
"S-1581","P-05072019-951","UK 8 ( With Belthohes )","5"
"S-1582","P-05072019-951","UK 8 ( No Beltholes )","5"
"S-1583","P-05072019-951","UK 10 ( With Belthohes )","5"
"S-1584","P-05072019-951","UK 10 ( No Beltholes )","5"
"S-1585","P-05072019-951","UK 12 ( With Belthohes )","5"
"S-1586","P-05072019-951","UK 12 ( No Beltholes )","5"
"S-1587","P-05072019-951","UK 14 ( With Belthohes )","5"
"S-1588","P-05072019-951","UK 14 ( No Beltholes )","5"
"S-1589","P-05072019-951","UK 16 ( With Belthohes )","5"
"S-159","P-01012019-187","41","1"
"S-1590","P-05072019-951","UK 16 ( No Beltholes )","5"
"S-1591","P-05072019-952","UK 6","5"
"S-1592","P-05072019-952","UK 8","5"
"S-1593","P-05072019-952","UK 10","5"
"S-1594","P-05072019-952","UK 12","5"
"S-1595","P-05072019-952","UK 14","5"
"S-1596","P-05072019-952","UK 16","5"
"S-1597","P-05072019-953","UK 6 ( With Belthohes )","5"
"S-1598","P-05072019-953","UK 6 ( No Beltholes )","5"
"S-1599","P-05072019-953","UK 8 ( With Belthohes )","5"
"S-16","P-24112018-92","None","5"
"S-160","P-01012019-187","42","1"
"S-1600","P-05072019-953","UK 8 ( No Beltholes )","5"
"S-1601","P-05072019-953","UK 10 ( With Belthohes )","5"
"S-1602","P-05072019-953","UK 10 ( No Beltholes )","5"
"S-1603","P-05072019-953","UK 12 ( With Belthohes )","5"
"S-1604","P-05072019-953","UK 12 ( No Beltholes )","5"
"S-1605","P-05072019-953","UK 14 ( With Belthohes )","5"
"S-1606","P-05072019-953","UK 14 ( No Beltholes )","5"
"S-1607","P-05072019-953","UK 16 ( With Belthohes )","5"
"S-1608","P-05072019-953","UK 16 ( No Beltholes )","5"
"S-1609","P-05072019-954","UK 6 ( With Belthohes )","5"
"S-161","P-01012019-188","None","10"
"S-1610","P-05072019-954","UK 6 ( No Beltholes )","5"
"S-1611","P-05072019-954","UK 8 ( With Belthohes )","5"
"S-1612","P-05072019-954","UK 8 ( No Beltholes )","5"
"S-1613","P-05072019-954","UK 10 ( With Belthohes )","5"
"S-1614","P-05072019-954","UK 10 ( No Beltholes )","5"
"S-1615","P-05072019-954","UK 12 ( With Belthohes )","5"
"S-1616","P-05072019-954","UK 12 ( No Beltholes )","5"
"S-1617","P-05072019-954","UK 14 ( With Belthohes )","5"
"S-1618","P-05072019-954","UK 14 ( No Beltholes )","5"
"S-1619","P-05072019-954","UK 16 ( With Belthohes )","5"
"S-162","P-01012019-189","None","10"
"S-1620","P-05072019-954","UK 16 ( No Beltholes )","5"
"S-1621","P-05072019-955","UK 6","5"
"S-1622","P-05072019-955","UK 8","5"
"S-1623","P-05072019-955","UK 10","5"
"S-1624","P-05072019-955","UK 12","5"
"S-1625","P-05072019-955","UK 14","5"
"S-1626","P-05072019-955","UK 16","5"
"S-1627","P-05072019-956","UK 6","5"
"S-1628","P-05072019-956","UK 8","5"
"S-1629","P-05072019-956","UK 10","5"
"S-163","P-01012019-190","None","17"
"S-1630","P-05072019-956","UK 12","5"
"S-1631","P-05072019-956","UK 14","5"
"S-1632","P-05072019-956","UK 16","5"
"S-1633","P-05072019-957","UK 6","5"
"S-1634","P-05072019-957","UK 8","5"
"S-1635","P-05072019-957","UK 10","5"
"S-1636","P-05072019-957","UK 12","5"
"S-1637","P-05072019-957","UK 14","5"
"S-1638","P-05072019-957","UK 16","5"
"S-1639","P-05072019-958","UK 6","5"
"S-164","P-01012019-191","None","12"
"S-1640","P-05072019-958","UK 8","5"
"S-1641","P-05072019-958","UK 10","5"
"S-1642","P-05072019-958","UK 12","5"
"S-1643","P-05072019-958","UK 14","5"
"S-1644","P-05072019-958","UK 16","5"
"S-1645","P-05072019-959","UK 6","5"
"S-1646","P-05072019-959","UK 8","5"
"S-1647","P-05072019-959","UK 10","5"
"S-1648","P-05072019-959","UK 12","5"
"S-1649","P-05072019-959","UK 14","5"
"S-165","P-01012019-192","None","12"
"S-1650","P-05072019-959","UK 16","5"
"S-1651","P-05072019-960","UK 6 ( With Belthohes )","5"
"S-1652","P-05072019-960","UK 6 ( No Beltholes )","5"
"S-1653","P-05072019-960","UK 8 ( With Belthohes )","5"
"S-1654","P-05072019-960","UK 8 ( No Beltholes )","5"
"S-1655","P-05072019-960","UK 10 ( With Belthohes )","5"
"S-1656","P-05072019-960","UK 10 ( No Beltholes )","5"
"S-1657","P-05072019-960","UK 12 ( With Belthohes )","5"
"S-1658","P-05072019-960","UK 12 ( No Beltholes )","5"
"S-1659","P-05072019-960","UK 14 ( With Belthohes )","5"
"S-166","P-01012019-193","None","8"
"S-1660","P-05072019-960","UK 14 ( No Beltholes )","5"
"S-1661","P-05072019-960","UK 16 ( With Belthohes )","5"
"S-1662","P-05072019-960","UK 16 ( No Beltholes )","5"
"S-1663","P-05072019-961","UK 6","5"
"S-1664","P-05072019-961","UK 8","5"
"S-1665","P-05072019-961","UK 10","5"
"S-1666","P-05072019-961","UK 12","5"
"S-1667","P-05072019-961","UK 14","5"
"S-1668","P-05072019-961","UK 16","5"
"S-1669","P-05072019-962","UK 6","5"
"S-167","P-01012019-194","None","7"
"S-1670","P-05072019-962","UK 8","5"
"S-1671","P-05072019-962","UK 10","5"
"S-1672","P-05072019-962","UK 12","5"
"S-1673","P-05072019-962","UK 14","5"
"S-1674","P-05072019-962","UK 16","5"
"S-1675","P-05072019-963","UK 6","5"
"S-1676","P-05072019-963","UK 8","5"
"S-1677","P-05072019-963","UK 10","5"
"S-1678","P-05072019-963","UK 12","5"
"S-1679","P-05072019-963","UK 14","5"
"S-168","P-01012019-195","None","12"
"S-1680","P-05072019-963","UK 16","5"
"S-1681","P-05072019-964","UK 6","5"
"S-1682","P-05072019-964","UK 8","5"
"S-1683","P-05072019-964","UK 10","5"
"S-1684","P-05072019-964","UK 12","5"
"S-1685","P-05072019-964","UK 14","5"
"S-1686","P-05072019-964","UK 16","5"
"S-1687","P-05072019-965","UK 6","2"
"S-1688","P-05072019-965","UK 8","2"
"S-1689","P-05072019-965","UK 10","2"
"S-169","P-01012019-196","None","7"
"S-1690","P-05072019-965","UK 12","2"
"S-1691","P-05072019-966","UK 6","5"
"S-1692","P-05072019-966","UK 8","5"
"S-1693","P-05072019-966","UK 10","5"
"S-1694","P-05072019-966","UK 12","5"
"S-1695","P-05072019-966","UK 14","5"
"S-1696","P-05072019-966","UK 16","5"
"S-1697","P-05072019-967","UK 6","2"
"S-1698","P-05072019-967","UK 8","2"
"S-1699","P-05072019-967","UK 10","2"
"S-17","P-02122018-93","L","10"
"S-170","P-01012019-197","None","10"
"S-1700","P-05072019-967","UK 12","2"
"S-1701","P-05072019-967","UK 14","2"
"S-1702","P-05072019-967","UK 16","2"
"S-1703","P-05072019-968","UK 6","2"
"S-1704","P-05072019-968","UK 8","2"
"S-1705","P-05072019-968","UK 10","2"
"S-1706","P-05072019-968","UK 12","2"
"S-1707","P-05072019-968","UK 14","2"
"S-1708","P-05072019-968","UK 16","2"
"S-1709","P-05072019-969","UK 6","2"
"S-171","P-01012019-198","None","8"
"S-1710","P-05072019-969","UK 8","2"
"S-1711","P-05072019-969","UK 10","2"
"S-1712","P-05072019-969","UK 12","2"
"S-1713","P-05072019-969","UK 14","2"
"S-1714","P-05072019-969","UK 16","2"
"S-1715","P-05072019-970","UK 6","2"
"S-1716","P-05072019-970","UK 8","2"
"S-1717","P-05072019-970","UK 10","2"
"S-1718","P-05072019-970","UK 12","2"
"S-1719","P-05072019-970","UK 14","2"
"S-172","P-01012019-199","None","7"
"S-1720","P-05072019-970","UK 16","2"
"S-1721","P-05072019-971","UK 6","2"
"S-1722","P-05072019-971","UK 8","2"
"S-1723","P-05072019-971","UK 10","2"
"S-1724","P-05072019-971","UK 12","2"
"S-1725","P-05072019-971","UK 14","2"
"S-1726","P-05072019-971","UK 16","2"
"S-1727","P-05072019-972","UK 6","2"
"S-1728","P-05072019-972","UK 8","2"
"S-1729","P-05072019-972","UK 10","2"
"S-173","P-01012019-200","None","8"
"S-1730","P-05072019-972","UK 12","2"
"S-1731","P-05072019-972","UK 14","2"
"S-1732","P-05072019-972","UK 16","2"
"S-1733","P-05072019-973","UK 6","2"
"S-1734","P-05072019-973","UK 8","2"
"S-1735","P-05072019-973","UK 10","2"
"S-1736","P-05072019-973","UK 12","2"
"S-1737","P-05072019-973","UK 14","2"
"S-1738","P-05072019-973","UK 16","2"
"S-1739","P-05072019-974","UK 6","2"
"S-174","P-01012019-201","None","9"
"S-1740","P-05072019-974","UK 8","2"
"S-1741","P-05072019-974","UK 10","2"
"S-1742","P-05072019-974","UK 12","2"
"S-1743","P-05072019-975","UK 6","2"
"S-1744","P-05072019-975","UK 8","2"
"S-1745","P-05072019-975","UK 10","2"
"S-1746","P-05072019-975","UK 12","2"
"S-1747","P-05072019-976","UK 6","2"
"S-1748","P-05072019-976","UK 8","2"
"S-1749","P-05072019-976","UK 10","2"
"S-175","P-01012019-202","None","10"
"S-1750","P-05072019-976","UK 12","2"
"S-1751","P-05072019-977","UK 6","2"
"S-1752","P-05072019-977","UK 8","2"
"S-1753","P-05072019-977","UK 10","2"
"S-1754","P-05072019-977","UK 12","2"
"S-1755","P-05072019-977","UK 14","2"
"S-1756","P-05072019-978","UK 6","5"
"S-1757","P-05072019-978","UK 8","5"
"S-1758","P-05072019-978","UK 10","5"
"S-1759","P-05072019-978","UK 12","5"
"S-176","P-01012019-203","None","10"
"S-1760","P-05072019-978","UK 14","5"
"S-1761","P-05072019-978","UK 16","5"
"S-1762","P-05072019-979","39","1"
"S-1763","P-05072019-979","40","1"
"S-1764","P-05072019-980","37","1"
"S-1765","P-05072019-980","38","1"
"S-1766","P-05072019-981","38.5","1"
"S-1767","P-05072019-981","39","1"
"S-1768","P-07072019-982","None","1"
"S-1769","P-07072019-983","None","1"
"S-177","P-01012019-204","None","7"
"S-1770","P-07072019-984","None","1"
"S-1771","P-07072019-985","None","0"
"S-1772","P-09072019-986","38.5","1"
"S-1773","P-09072019-986","39","1"
"S-1774","P-11072019-987","41","5"
"S-1775","P-11072019-987","42","5"
"S-1776","P-11072019-987","43","5"
"S-1777","P-11072019-987","44","5"
"S-1778","P-11072019-988","41","5"
"S-1779","P-11072019-988","42","5"
"S-178","P-01012019-205","42","0"
"S-1780","P-11072019-988","43","5"
"S-1781","P-11072019-988","44","5"
"S-1782","P-11072019-989","41","5"
"S-1783","P-11072019-989","42","5"
"S-1784","P-11072019-989","43","5"
"S-1785","P-11072019-989","44","5"
"S-1786","P-11072019-990","Honest","5"
"S-1787","P-11072019-990","Strong","5"
"S-1788","P-11072019-991","41","5"
"S-1789","P-11072019-991","42","5"
"S-179","P-01012019-205","43","1"
"S-1790","P-11072019-991","43","5"
"S-1791","P-11072019-991","44","5"
"S-1792","P-11072019-992","41","5"
"S-1793","P-11072019-992","42","5"
"S-1794","P-11072019-992","43","5"
"S-1795","P-11072019-992","44","5"
"S-1796","P-11072019-993","41","5"
"S-1797","P-11072019-993","42","5"
"S-1798","P-11072019-993","43","5"
"S-1799","P-11072019-993","44","5"
"S-18","P-21122018-106","None","1"
"S-180","P-01012019-205","44","1"
"S-1800","P-11072019-994","41","5"
"S-1801","P-11072019-994","42","5"
"S-1802","P-11072019-994","43","5"
"S-1803","P-11072019-994","44","5"
"S-1804","P-11072019-989","45","5"
"S-1805","P-11072019-992","40","5"
"S-1806","P-11072019-992","45","5"
"S-1807","P-11072019-989","40","5"
"S-1808","P-11072019-991","40","5"
"S-1809","P-11072019-991","45","5"
"S-181","P-01012019-206","41","0"
"S-1810","P-11072019-993","40","5"
"S-1811","P-11072019-993","45","5"
"S-1812","P-11072019-995","41","5"
"S-1813","P-11072019-995","42","5"
"S-1814","P-11072019-995","43","5"
"S-1815","P-11072019-995","44","5"
"S-1816","P-11072019-995","45","5"
"S-1817","P-11072019-996","41","5"
"S-1818","P-11072019-996","42","5"
"S-1819","P-11072019-996","43","5"
"S-182","P-01012019-206","44","1"
"S-1820","P-11072019-996","44","5"
"S-1821","P-11072019-996","45","5"
"S-1822","P-11072019-994","40","5"
"S-1823","P-11072019-994","45","5"
"S-1824","P-11072019-997","41","5"
"S-1825","P-11072019-997","42","5"
"S-1826","P-11072019-997","43","5"
"S-1827","P-11072019-997","44","5"
"S-1828","P-11072019-997","45","5"
"S-1829","P-11072019-995","40","5"
"S-183","P-02012019-207","None","1"
"S-1830","P-11072019-987","45","5"
"S-1831","P-11072019-996","40","5"
"S-1832","P-11072019-997","40","5"
"S-1833","P-11072019-987","40","5"
"S-1834","P-11072019-998","41","5"
"S-1835","P-11072019-998","42","5"
"S-1836","P-11072019-998","43","5"
"S-1837","P-11072019-998","44","5"
"S-1838","P-11072019-998","45","5"
"S-1839","P-11072019-998","40","5"
"S-184","P-02012019-208","None","0"
"S-1840","P-11072019-999","None","1"
"S-1841","P-11072019-1000","None","1"
"S-1842","P-11072019-1001","None","0"
"S-1843","P-12072019-1002","None","100"
"S-1844","P-13072019-1003","None","2"
"S-1845","P-13072019-1004","None","2"
"S-1846","P-13072019-1005","None","2"
"S-1847","P-13072019-1006","None","2"
"S-1848","P-13072019-1007","None","2"
"S-1849","P-18072019-1008","None","5"
"S-185","P-02012019-209","None","10"
"S-1850","P-12062019-818","40","0"
"S-1851","P-11072019-1001","6Plus","1"
"S-1852","P-23072019-1009","None","12"
"S-1853","P-23072019-1010","None","13"
"S-1854","P-23072019-1011","None","13"
"S-1855","P-23072019-1012","None","13"
"S-1856","P-23072019-1013","None","14"
"S-1857","P-23072019-1014","None","13"
"S-1858","P-23072019-1015","None","10"
"S-1859","P-23072019-1016","None","14"
"S-186","P-03012019-210","None","10"
"S-1860","P-11072019-1001","6 / 6s","0"
"S-1861","P-01072019-945","38","1"
"S-1862","P-01072019-947","39","1"
"S-1863","P-01072019-947","38","1"
"S-1864","P-01072019-947","40","1"
"S-1865","P-01072019-947","41","1"
"S-1866","P-01072019-945","37","1"
"S-1867","P-01072019-949","37.5","2"
"S-1868","P-01072019-949","38.5","1"
"S-1869","P-01072019-949","40","1"
"S-187","P-06012019-211","40","1"
"S-1870","P-09072019-986","7","1"
"S-1871","P-09072019-986","41","1"
"S-1872","P-09072019-986","37","1"
"S-1873","P-09072019-986","38","1"
"S-1874","P-09072019-986","40","1"
"S-1875","P-23062019-895","40","1"
"S-1876","P-23062019-895","41","1"
"S-1877","P-08082019-1017","39","1"
"S-1878","P-08082019-1017","40","1"
"S-1879","P-08082019-1017","38.5","1"
"S-188","P-06012019-211","42","2"
"S-1880","P-08082019-1017","38","1"
"S-1881","P-08082019-1017","37","1"
"S-1882","P-08082019-1017","41","1"
"S-1883","P-08082019-1017","36.5","1"
"S-1884","P-08082019-1018","38","1"
"S-1885","P-08082019-1018","39","1"
"S-1886","P-08082019-1018","38.5","1"
"S-1887","P-08082019-1018","37","1"
"S-1888","P-08082019-1018","40","1"
"S-1889","P-08082019-1018","41","1"
"S-189","P-06012019-211","43","2"
"S-1890","P-08082019-1019","36.5","1"
"S-1891","P-08082019-1019","39","1"
"S-1892","P-08082019-1019","40","1"
"S-1893","P-08082019-1019","36","1"
"S-1894","P-08082019-1019","37.5","1"
"S-1895","P-08082019-1019","41","1"
"S-1896","P-09082019-1020","None","5"
"S-190","P-06012019-211","44","3"
"S-191","P-06012019-211","45","2"
"S-192","P-06012019-212","40","1"
"S-193","P-06012019-212","42","2"
"S-194","P-06012019-212","43","2"
"S-195","P-06012019-212","44","3"
"S-196","P-06012019-212","45","2"
"S-197","P-06012019-213","40","1"
"S-198","P-06012019-213","42","2"
"S-199","P-06012019-213","43","2"
"S-2","P-02122018-94","None","4"
"S-200","P-06012019-213","44","3"
"S-201","P-06012019-213","45","2"
"S-202","P-06012019-214","S","7"
"S-203","P-06012019-214","M","3"
"S-204","P-07012019-215","L","5"
"S-205","P-07012019-215","XL","3"
"S-206","P-07012019-216","None","6"
"S-207","P-07012019-217","S","1"
"S-208","P-07012019-217","M","0"
"S-209","P-07012019-218","S","9"
"S-210","P-07012019-218","M","5"
"S-211","P-07012019-218","L","4"
"S-212","P-07012019-219","L","1"
"S-213","P-07012019-219","XL","4"
"S-214","P-07012019-220","L","5"
"S-215","P-07012019-220","XL","5"
"S-216","P-07012019-221","None","1"
"S-217","P-07012019-222","S","7"
"S-218","P-07012019-222","M","3"
"S-219","P-08012019-223","40","1"
"S-22","P-21122018-108","S","1"
"S-220","P-08012019-223","41","2"
"S-221","P-08012019-223","42","2"
"S-222","P-08012019-223","43","2"
"S-223","P-08012019-224","None","1"
"S-224","P-08012019-225","None","0"
"S-225","P-08012019-226","None","1"
"S-226","P-09012019-227","None","1"
"S-227","P-09012019-228","None","1"
"S-228","P-09012019-229","None","1"
"S-229","P-09012019-230","None","1"
"S-23","P-21122018-108","M","2"
"S-230","P-09012019-231","None","1"
"S-231","P-09012019-232","None","1"
"S-232","P-09012019-233","None","0"
"S-233","P-09012019-234","None","1"
"S-234","P-09012019-235","None","1"
"S-235","P-09012019-236","None","1"
"S-236","P-09012019-237","None","1"
"S-237","P-09012019-238","None","1"
"S-238","P-09012019-239","None","1"
"S-239","P-09012019-240","None","0"
"S-24","P-21122018-108","L","3"
"S-240","P-09012019-241","None","1"
"S-241","P-09012019-242","None","1"
"S-242","P-09012019-243","None","1"
"S-243","P-09012019-244","None","27"
"S-244","P-10012019-245","40","1"
"S-245","P-10012019-245","42","1"
"S-246","P-10012019-245","44","1"
"S-247","P-10012019-246","41","2"
"S-248","P-10012019-246","42","1"
"S-249","P-10012019-246","43","1"
"S-25","P-21122018-108","XL","4"
"S-250","P-10012019-247","41","1"
"S-251","P-10012019-247","42","1"
"S-252","P-10012019-247","44","1"
"S-253","P-10012019-248","41","2"
"S-254","P-10012019-248","42","1"
"S-255","P-10012019-248","43","1"
"S-256","P-10012019-249","41","2"
"S-257","P-10012019-249","42","1"
"S-258","P-10012019-249","43","1"
"S-259","P-10012019-249","44","0"
"S-26","P-21122018-108","XXL","5"
"S-260","P-10012019-250","41","1"
"S-261","P-10012019-250","42","1"
"S-262","P-10012019-250","43","1"
"S-263","P-10012019-251","40","1"
"S-264","P-10012019-251","41","1"
"S-265","P-10012019-251","42","1"
"S-266","P-10012019-251","43","1"
"S-267","P-10012019-252","41","1"
"S-268","P-10012019-252","42","1"
"S-269","P-10012019-252","44","1"
"S-27","P-21122018-109","None","10"
"S-270","P-10012019-253","41","1"
"S-271","P-10012019-253","42","1"
"S-272","P-10012019-254","40","1"
"S-273","P-10012019-254","43","1"
"S-274","P-10012019-255","41","1"
"S-275","P-10012019-255","42","1"
"S-276","P-10012019-255","43","1"
"S-277","P-11012019-256","None","1"
"S-278","P-11012019-257","None","1"
"S-279","P-11012019-258","None","1"
"S-280","P-11012019-259","None","1"
"S-281","P-11012019-260","None","1"
"S-282","P-11012019-261","None","1"
"S-283","P-12012019-262","M","5"
"S-284","P-12012019-262","L","5"
"S-285","P-12012019-262","XL","5"
"S-286","P-13012019-263","None","5"
"S-287","P-13012019-264","None","5"
"S-288","P-13012019-265","None","5"
"S-289","P-13012019-266","None","4"
"S-290","P-13012019-267","None","5"
"S-291","P-14012019-268","Small","1"
"S-292","P-14012019-268","Medium ","1"
"S-293","P-14012019-268","large","1"
"S-294","P-14012019-269","Small","1"
"S-295","P-14012019-269","Medium","1"
"S-296","P-14012019-269","Large","1"
"S-297","P-14012019-270","Small","1"
"S-298","P-14012019-270","Medium","1"
"S-299","P-14012019-270","Large","1"
"S-3","P-08122018-104","None","5"
"S-30","P-25122018-110","S","6"
"S-300","P-14012019-271","Small","1"
"S-301","P-14012019-271","Medium","1"
"S-302","P-14012019-271","Larg","1"
"S-303","P-14012019-272","None","1"
"S-304","P-14012019-273","None","1"
"S-305","P-15012019-274","40","1"
"S-306","P-15012019-274","41","2"
"S-307","P-15012019-274","43","1"
"S-308","P-15012019-275","None","8"
"S-309","P-15012019-276","None","8"
"S-31","P-25122018-110","M","5"
"S-310","P-15012019-277","None","8"
"S-311","P-15012019-278","None","8"
"S-312","P-15012019-279","None","1"
"S-313","P-15012019-280","None","1"
"S-314","P-15012019-281","None","1"
"S-315","P-15012019-282","None","1"
"S-316","P-15012019-283","None","1"
"S-317","P-15012019-284","None","1"
"S-318","P-15012019-285","None","1"
"S-319","P-15012019-286","None","1"
"S-32","P-25122018-110","L","3"
"S-320","P-15012019-287","None","1"
"S-321","P-15012019-288","None","1"
"S-322","P-15012019-289","None","1"
"S-323","P-15012019-290","None","1"
"S-324","P-15012019-291","None","1"
"S-325","P-15012019-292","None","1"
"S-326","P-15012019-293","None","1"
"S-327","P-15012019-294","None","1"
"S-328","P-15012019-295","None","1"
"S-329","P-15012019-296","None","1"
"S-33","P-25122018-110","XL","5"
"S-330","P-15012019-297","None","1"
"S-331","P-15012019-298","None","1"
"S-332","P-16012019-299","40","1"
"S-333","P-16012019-299","41","1"
"S-334","P-16012019-299","42","1"
"S-335","P-16012019-300","None","2"
"S-336","P-16012019-301","40","1"
"S-337","P-16012019-301","41","1"
"S-338","P-16012019-301","43","1"
"S-339","P-16012019-302","None","1"
"S-34","P-25122018-111","S","5"
"S-340","P-16012019-303","41","1"
"S-341","P-16012019-303","42","2"
"S-342","P-16012019-303","43","1"
"S-343","P-17012019-304","None","1"
"S-344","P-17012019-305","None","100"
"S-345","P-19012019-306","Green ","5"
"S-346","P-19012019-306","Orange ","5"
"S-347","P-19012019-306","Blue","5"
"S-348","P-19012019-306","Red ","5"
"S-349","P-19012019-307","None","36"
"S-35","P-25122018-111","M","4"
"S-350","P-19012019-308","Grey","10"
"S-351","P-19012019-308","Blue","5"
"S-352","P-19012019-309","Pink ","10"
"S-353","P-19012019-309","Purple ","10"
"S-354","P-19012019-309","Blue","10"
"S-355","P-19012019-310","Yellow ","5"
"S-356","P-19012019-310","Green","5"
"S-357","P-19012019-310","Blue","5"
"S-358","P-19012019-310","Nude","5"
"S-359","P-19012019-311","None","10"
"S-36","P-25122018-111","L","7"
"S-360","P-19012019-312","Red","10"
"S-361","P-19012019-312","Blue","10"
"S-362","P-19012019-312","Yellow ","10"
"S-363","P-19012019-312","Green ","10"
"S-364","P-19012019-313","Yellow","2"
"S-365","P-19012019-313","Pink ","6"
"S-366","P-19012019-313","Blue ","2"
"S-367","P-19012019-313","Green ","3"
"S-368","P-19012019-314","Blue","10"
"S-369","P-19012019-314","Pink ","10"
"S-37","P-25122018-111","XL","4"
"S-370","P-19012019-314","Purple ","10"
"S-371","P-19012019-315","Black cover ","20"
"S-372","P-19012019-315","Pink cover ","10"
"S-373","P-19012019-316","Ash ","10"
"S-374","P-19012019-316","Black ","10"
"S-375","P-19012019-316","Green ","5"
"S-376","P-19012019-317","None","20"
"S-377","P-20012019-318","None","1"
"S-378","P-20012019-319","None","1"
"S-379","P-20012019-320","None","1"
"S-38","P-25122018-112","S","4"
"S-380","P-20012019-321","None","1"
"S-381","P-20012019-322","40","1"
"S-382","P-20012019-322","41","1"
"S-383","P-20012019-322","42","1"
"S-384","P-20012019-322","43","1"
"S-385","P-20012019-323","40","1"
"S-386","P-20012019-323","41","1"
"S-387","P-20012019-323","42","1"
"S-388","P-20012019-323","43","1"
"S-389","P-20012019-324","40","1"
"S-39","P-25122018-112","M","0"
"S-390","P-20012019-324","41","1"
"S-391","P-20012019-324","42","1"
"S-392","P-20012019-324","43","0"
"S-393","P-20012019-324","44","1"
"S-394","P-20012019-325","40","1"
"S-395","P-20012019-325","41","1"
"S-396","P-20012019-325","42","2"
"S-397","P-20012019-325","43","1"
"S-398","P-20012019-326","40","1"
"S-399","P-20012019-326","41","1"
"S-4","P-15122018-105","None","1"
"S-40","P-25122018-112","L","2"
"S-400","P-20012019-326","42","1"
"S-401","P-20012019-326","43","1"
"S-402","P-20012019-326","44","2"
"S-403","P-20012019-327","None","0"
"S-404","P-11022019-328","XL","0"
"S-405","P-11022019-328","L","0"
"S-406","P-11022019-328","M","4"
"S-407","P-11022019-329","XL","0"
"S-408","P-11022019-329","L","0"
"S-409","P-11022019-329","M","4"
"S-41","P-25122018-112","XL","6"
"S-410","P-11022019-330","XL","0"
"S-411","P-11022019-330","L","0"
"S-412","P-11022019-330","M","4"
"S-413","P-11022019-331","XL","0"
"S-414","P-11022019-331","L","0"
"S-415","P-11022019-331","M","4"
"S-416","P-11022019-332","XL","0"
"S-417","P-11022019-332","L","0"
"S-418","P-11022019-332","M","4"
"S-419","P-11022019-333","None","50"
"S-42","P-25122018-113","S","5"
"S-420","P-11022019-334","None","49"
"S-421","P-11022019-335","None","50"
"S-422","P-11022019-336","None","50"
"S-423","P-11022019-337","None","50"
"S-424","P-11022019-338","None","50"
"S-425","P-11022019-339","None","50"
"S-426","P-11022019-340","None","50"
"S-427","P-11022019-341","None","50"
"S-428","P-11022019-342","None","50"
"S-429","P-11022019-343","None","50"
"S-43","P-25122018-113","M","6"
"S-430","P-11022019-344","None","5"
"S-431","P-11022019-345","None","2"
"S-432","P-11022019-346","None","4"
"S-433","P-11022019-347","None","5"
"S-434","P-11022019-348","None","4"
"S-435","P-11022019-349","None","2"
"S-436","P-11022019-350","None","3"
"S-437","P-11022019-351","None","2"
"S-438","P-11022019-352","None","3"
"S-439","P-11022019-353","None","3"
"S-44","P-25122018-113","L","6"
"S-440","P-11022019-354","None","3"
"S-441","P-11022019-355","None","2"
"S-442","P-11022019-356","None","4"
"S-443","P-11022019-357","None","5"
"S-444","P-11022019-358","None","5"
"S-445","P-13022019-359","None","4"
"S-446","P-13022019-360","None","3"
"S-447","P-18022019-361","S","5"
"S-448","P-18022019-361","M","5"
"S-449","P-18022019-361","L","5"
"S-45","P-25122018-113","XL","4"
"S-450","P-18022019-362","S","5"
"S-451","P-18022019-362","M","5"
"S-452","P-18022019-362","L","5"
"S-453","P-19022019-363","DIOR ","10"
"S-454","P-19022019-363","D&G","10"
"S-455","P-19022019-363","Yves Saint Lauren","19"
"S-456","P-19022019-363","ARMANI ","25"
"S-457","P-19022019-363","Ralph Lauren ","15"
"S-458","P-21022019-364","L","2"
"S-459","P-21022019-364","M","4"
"S-46","P-25122018-114","S","6"
"S-460","P-21022019-364","S","1"
"S-461","P-21022019-365","L","2"
"S-462","P-21022019-365","M","4"
"S-463","P-21022019-365","S","2"
"S-464","P-21022019-366","L","2"
"S-465","P-21022019-366","M","4"
"S-466","P-21022019-366","S","1"
"S-467","P-21022019-367","L","2"
"S-468","P-21022019-367","M","4"
"S-469","P-21022019-367","S","2"
"S-47","P-25122018-114","M","4"
"S-470","P-21022019-368","L","2"
"S-471","P-21022019-368","M","4"
"S-472","P-21022019-368","S","2"
"S-473","P-21022019-369","None","3"
"S-474","P-21022019-370","None","3"
"S-475","P-21022019-371","None","3"
"S-476","P-21022019-372","None","12"
"S-477","P-21022019-373","None","4"
"S-478","P-22022019-374","S","3"
"S-479","P-22022019-374","M","2"
"S-48","P-25122018-114","L","5"
"S-480","P-22022019-374","L","1"
"S-481","P-23022019-375","None","10"
"S-482","P-23022019-376","None","10"
"S-483","P-25022019-377","None","5"
"S-484","P-25022019-378","None","1"
"S-485","P-25022019-379","None","1"
"S-486","P-25022019-380","None","1"
"S-487","P-25022019-381","None","1"
"S-488","P-25022019-382","None","0"
"S-489","P-25022019-383","None","1"
"S-49","P-25122018-114","XL","5"
"S-490","P-25022019-384","None","1"
"S-491","P-26022019-385","None","1"
"S-492","P-26022019-386","None","5"
"S-493","P-26022019-387","Unisex ","10"
"S-494","P-26022019-388","S","0"
"S-495","P-26022019-388","M","0"
"S-496","P-26022019-388","L","0"
"S-497","P-26022019-388","XL","0"
"S-498","P-26022019-389","S","1"
"S-499","P-26022019-389","M","1"
"S-5","P-18112018-78","None","5"
"S-50","P-25122018-115","S","0"
"S-500","P-26022019-389","L","1"
"S-501","P-26022019-390","S","1"
"S-502","P-26022019-390","M","1"
"S-503","P-26022019-390","L","1"
"S-504","P-26022019-390","XL","1"
"S-505","P-28022019-391","41","0"
"S-506","P-28022019-391","42","1"
"S-507","P-28022019-391","43","1"
"S-508","P-28022019-392","41","0"
"S-509","P-28022019-392","42","1"
"S-51","P-25122018-115","L","0"
"S-510","P-28022019-392","43","1"
"S-511","P-28022019-393","Rosy flavor","10"
"S-512","P-28022019-393","Original flavor","10"
"S-513","P-28022019-393","Cocoa flavor","10"
"S-514","P-28022019-394","None","10"
"S-515","P-28022019-395","None","10"
"S-516","P-28022019-396","None","10"
"S-517","P-28022019-397","None","10"
"S-518","P-28022019-398","None","10"
"S-519","P-28022019-399","None","10"
"S-52","P-25122018-115","M","1"
"S-520","P-28022019-400","Extra light","10"
"S-521","P-28022019-400","Cocoa","10"
"S-522","P-28022019-400","Caramel","10"
"S-523","P-28022019-400","Ebony","10"
"S-524","P-11032019-401","None","1"
"S-525","P-11032019-402","None","1"
"S-526","P-11032019-403","None","1"
"S-527","P-11032019-404","None","1"
"S-528","P-11032019-405","None","1"
"S-529","P-11032019-406","None","3"
"S-53","P-25122018-115","XL","0"
"S-530","P-11032019-407","None","1"
"S-531","P-11032019-408","None","1"
"S-532","P-11032019-409","None","0"
"S-533","P-11032019-410","None","1"
"S-534","P-11032019-411","None","1"
"S-535","P-13032019-412","None","10"
"S-536","P-13032019-413","None","10"
"S-537","P-13032019-414","None","9"
"S-538","P-13032019-415","None","9"
"S-539","P-13032019-416","None","10"
"S-54","P-28122018-116","22","4"
"S-540","P-13032019-417","None","20"
"S-541","P-13032019-418","None","10"
"S-542","P-13032019-419","None","9"
"S-543","P-14032019-420","S","0"
"S-544","P-14032019-420","M","0"
"S-545","P-14032019-420","L","0"
"S-546","P-14032019-420","XL","0"
"S-547","P-14032019-421","S","0"
"S-548","P-14032019-421","M","0"
"S-549","P-14032019-421","L","0"
"S-55","P-28122018-116","24","4"
"S-550","P-14032019-421","XL","0"
"S-551","P-14032019-422","S","1"
"S-552","P-14032019-422","M","1"
"S-553","P-15032019-423","S","5"
"S-554","P-15032019-423","M","5"
"S-555","P-15032019-423","L","5"
"S-556","P-15032019-424","S","5"
"S-557","P-15032019-424","M","5"
"S-558","P-15032019-424","L","5"
"S-559","P-15032019-425","S","5"
"S-56","P-28122018-116","26","2"
"S-560","P-15032019-425","M","5"
"S-561","P-15032019-425","L","5"
"S-562","P-15032019-426","S","5"
"S-563","P-15032019-426","M","5"
"S-564","P-15032019-426","L","5"
"S-565","P-15032019-427","None","40"
"S-566","P-15032019-428","Tumeric Oil","20"
"S-567","P-15032019-428","Lemon Oil","20"
"S-568","P-15032019-428","Lemon Oil","20"
"S-569","P-18032019-429","S","1"
"S-57","P-29122018-117","S","5"
"S-570","P-18032019-429","M","1"
"S-571","P-18032019-429","L","1"
"S-572","P-18032019-429","XL","1"
"S-573","P-18032019-430","S","1"
"S-574","P-18032019-430","M","1"
"S-575","P-18032019-430","L","1"
"S-576","P-18032019-430","XL","1"
"S-577","P-18032019-431","S","1"
"S-578","P-18032019-431","M","1"
"S-579","P-18032019-431","L","1"
"S-58","P-29122018-117","M","5"
"S-580","P-18032019-431","XL","1"
"S-581","P-18032019-432"," S","1"
"S-582","P-18032019-432","M","1"
"S-583","P-18032019-432","L","1"
"S-584","P-18032019-432","XL","1"
"S-585","P-18032019-433","S","1"
"S-586","P-18032019-433","M","1"
"S-587","P-18032019-433","L","1"
"S-588","P-18032019-433","XL","1"
"S-589","P-18032019-434","S","1"
"S-59","P-29122018-117","L","5"
"S-590","P-18032019-434","M","1"
"S-591","P-18032019-434","L","1"
"S-592","P-18032019-434","XL","1"
"S-593","P-19032019-435","None","4"
"S-594","P-19032019-436","None","5"
"S-595","P-19032019-437","None","5"
"S-596","P-19032019-438","None","5"
"S-597","P-19032019-439","None","5"
"S-598","P-19032019-440","None","5"
"S-599","P-19032019-441","None","5"
"S-6","P-18112018-79","None","5"
"S-60","P-29122018-117","XL","5"
"S-600","P-19032019-442","None","5"
"S-601","P-19032019-443","None","5"
"S-602","P-19032019-444","None","5"
"S-603","P-19032019-445","None","5"
"S-604","P-19032019-446","None","5"
"S-605","P-20032019-447","L","1"
"S-606","P-20032019-447","XL","1"
"S-607","P-20032019-448","L","1"
"S-608","P-20032019-448","XL","1"
"S-609","P-20032019-449","L","1"
"S-61","P-29122018-118","S","5"
"S-610","P-20032019-449","XL","1"
"S-611","P-20032019-450","L","1"
"S-612","P-20032019-450","XL","1"
"S-613","P-20032019-451","L","1"
"S-614","P-20032019-451","XL","1"
"S-615","P-20032019-452","L","1"
"S-616","P-20032019-452","XL","1"
"S-617","P-20032019-453","L","1"
"S-618","P-20032019-453","XL","1"
"S-619","P-20032019-454","L","1"
"S-62","P-29122018-118","M","5"
"S-620","P-20032019-454","XL","1"
"S-621","P-20032019-455","L","1"
"S-622","P-20032019-455","XL","1"
"S-623","P-20032019-456","L","1"
"S-624","P-20032019-456","XL","1"
"S-625","P-20032019-457","XL","1"
"S-626","P-20032019-457","XXL","1"
"S-627","P-20032019-458","XL","1"
"S-628","P-20032019-458","XXL","1"
"S-629","P-20032019-459","L","1"
"S-63","P-29122018-118","L","5"
"S-630","P-20032019-459","XL","1"
"S-631","P-20032019-460","L","1"
"S-632","P-20032019-460","XL","1"
"S-633","P-20032019-461","L","1"
"S-634","P-20032019-461","XL","1"
"S-635","P-26032019-462","S","5"
"S-636","P-26032019-462","M","5"
"S-637","P-26032019-462","L","5"
"S-638","P-26032019-462","XL","5"
"S-639","P-26032019-463","S","5"
"S-64","P-29122018-119","S","5"
"S-640","P-26032019-463","M","5"
"S-641","P-26032019-463","L","5"
"S-642","P-26032019-463","XL","5"
"S-643","P-26032019-464","S","5"
"S-644","P-26032019-464","M","5"
"S-645","P-26032019-464","L","5"
"S-646","P-26032019-464","XL","5"
"S-647","P-26032019-465","S","5"
"S-648","P-26032019-465","M","5"
"S-649","P-26032019-465","L","5"
"S-65","P-29122018-119","M","5"
"S-650","P-26032019-465","XL","5"
"S-651","P-26032019-466","S","5"
"S-652","P-26032019-466","M","5"
"S-653","P-26032019-466","L","5"
"S-654","P-26032019-466","XL","5"
"S-655","P-26032019-467","S","5"
"S-656","P-26032019-467","M","5"
"S-657","P-26032019-467","L","5"
"S-658","P-26032019-467","XL","5"
"S-659","P-26032019-468","S","1"
"S-66","P-29122018-119","L","5"
"S-660","P-26032019-468","M","1"
"S-661","P-26032019-468","L","1"
"S-662","P-26032019-468","XL","1"
"S-663","P-26032019-469","S","5"
"S-664","P-26032019-469","M","5"
"S-665","P-26032019-469","L","5"
"S-666","P-26032019-469","XL","5"
"S-667","P-26032019-470","S","5"
"S-668","P-26032019-470","M","5"
"S-669","P-26032019-470","L","5"
"S-67","P-29122018-120","S","5"
"S-670","P-26032019-470","XL","5"
"S-671","P-28032019-471","None","5"
"S-672","P-28032019-472","None","5"
"S-673","P-28032019-473","None","5"
"S-674","P-28032019-474","None","5"
"S-675","P-28032019-475","None","5"
"S-676","P-28032019-476","Chestnut","5"
"S-677","P-28032019-476","Ebony","5"
"S-678","P-28032019-476","Espresso","5"
"S-679","P-28032019-476","Nude","5"
"S-68","P-29122018-120","M","5"
"S-680","P-28032019-476","Sandy Beige","5"
"S-681","P-28032019-476","Deep tan","5"
"S-682","P-28032019-476","Cocoa","5"
"S-683","P-28032019-477","Cocoa","5"
"S-684","P-28032019-477","Espresso","5"
"S-685","P-28032019-477","Ebony","5"
"S-686","P-28032019-477","Nude","5"
"S-687","P-28032019-478","Ivory","5"
"S-688","P-28032019-478","Sand","5"
"S-689","P-28032019-478","Fawn","5"
"S-69","P-29122018-120","L","5"
"S-690","P-28032019-478","Sun beige","5"
"S-691","P-28032019-478","Light Beige","5"
"S-692","P-28032019-479","Ivory","5"
"S-693","P-28032019-479","Nude ","5"
"S-694","P-28032019-479","Sand ","5"
"S-695","P-28032019-479","Fawn","5"
"S-696","P-29032019-480","39","1"
"S-697","P-29032019-480","40","1"
"S-698","P-29032019-480","41","1"
"S-699","P-29032019-480","42","1"
"S-7","P-18112018-80","None","10"
"S-70","P-29122018-120","XL","5"
"S-700","P-29032019-481","39","1"
"S-701","P-29032019-481","40","1"
"S-702","P-29032019-481","41","1"
"S-703","P-29032019-481","42","1"
"S-704","P-29032019-482","39","1"
"S-705","P-29032019-482","40","1"
"S-706","P-29032019-482","41","1"
"S-707","P-29032019-482","42","1"
"S-708","P-29032019-483","39","1"
"S-709","P-29032019-483","40","1"
"S-71","P-29122018-120","XXL","5"
"S-710","P-29032019-483","41","1"
"S-711","P-29032019-483","42","1"
"S-712","P-29032019-484","37","1"
"S-713","P-29032019-484","38","1"
"S-714","P-29032019-484","39","1"
"S-715","P-29032019-484","40","1"
"S-716","P-29032019-484","41","1"
"S-717","P-29032019-484","42","1"
"S-718","P-29032019-485","40","1"
"S-719","P-29032019-485","41","1"
"S-72","P-29122018-121","None","5"
"S-720","P-29032019-485","42","1"
"S-721","P-29032019-485","43","1"
"S-722","P-29032019-485","44","1"
"S-723","P-29032019-485","45","1"
"S-724","P-29032019-486","40","1"
"S-725","P-29032019-486","41","1"
"S-726","P-29032019-486","42","1"
"S-727","P-29032019-486","43","1"
"S-728","P-29032019-486","44","1"
"S-729","P-29032019-486","45","1"
"S-73","P-29122018-122","None","7"
"S-730","P-29032019-487","36","1"
"S-731","P-29032019-487","37","1"
"S-732","P-29032019-487","38","1"
"S-733","P-29032019-487","39","1"
"S-734","P-29032019-487","40","1"
"S-735","P-29032019-487","41","1"
"S-736","P-29032019-487","42","1"
"S-737","P-29032019-488","39","1"
"S-738","P-29032019-488","40","1"
"S-739","P-29032019-488","41","1"
"S-74","P-29122018-123","None","21"
"S-740","P-29032019-488","42","1"
"S-741","P-29032019-489","39","1"
"S-742","P-29032019-489","40","1"
"S-743","P-29032019-489","41","1"
"S-744","P-29032019-489","42","1"
"S-745","P-29032019-489","43","1"
"S-746","P-29032019-489","44","1"
"S-747","P-29032019-490","39","1"
"S-748","P-29032019-490","40","1"
"S-749","P-29032019-490","41","1"
"S-75","P-29122018-124","None","21"
"S-750","P-29032019-490","42","1"
"S-751","P-29032019-490","43","1"
"S-752","P-29032019-490","44","1"
"S-753","P-29032019-490","45","1"
"S-754","P-29032019-491","None","5"
"S-755","P-29032019-492","None","5"
"S-756","P-30032019-493","S","0"
"S-757","P-30032019-493","M","2"
"S-758","P-30032019-493","L","0"
"S-759","P-30032019-494","XS","0"
"S-76","P-29122018-125","None","28"
"S-760","P-30032019-494","S","0"
"S-761","P-30032019-494","M","2"
"S-762","P-30032019-494","L","0"
"S-763","P-01042019-495","None","1"
"S-764","P-01042019-496","None","1"
"S-765","P-01042019-497","None","1"
"S-766","P-02042019-498","None","5"
"S-767","P-04042019-499","None","5"
"S-768","P-04042019-500","None","5"
"S-769","P-04042019-501","None","5"
"S-77","P-29122018-126","None","43"
"S-770","P-04042019-502","None","5"
"S-771","P-04042019-503","None","5"
"S-772","P-04042019-504","None","5"
"S-773","P-04042019-505","None","5"
"S-774","P-04042019-506","None","5"
"S-775","P-04042019-507","None","5"
"S-776","P-04042019-508","None","5"
"S-777","P-04042019-509","None","5"
"S-778","P-04042019-510","None","5"
"S-779","P-04042019-511","None","5"
"S-78","P-29122018-127","None","43"
"S-780","P-04042019-512","None","5"
"S-781","P-04042019-513","None","5"
"S-782","P-04042019-514","None","5"
"S-783","P-05042019-515","None","5"
"S-785","P-05042019-516","6+","2"
"S-786","P-05042019-516","6s+","2"
"S-787","P-05042019-516","7+","2"
"S-788","P-05042019-516","8+","2"
"S-789","P-05042019-516","X","2"
"S-79","P-30122018-128","None","12"
"S-790","P-05042019-516","XR","2"
"S-791","P-05042019-516","XSMax","2"
"S-792","P-05042019-517","6+","2"
"S-793","P-05042019-517","6s+","2"
"S-794","P-05042019-517","7+","2"
"S-795","P-05042019-517","8+","2"
"S-796","P-05042019-517","X","2"
"S-797","P-05042019-517","XS","2"
"S-798","P-05042019-517","XSMax","2"
"S-799","P-05042019-518","X","5"
"S-8","P-18112018-81","None","5"
"S-80","P-30122018-129","None","10"
"S-800","P-05042019-518","Xs","5"
"S-801","P-05042019-519","X","5"
"S-802","P-05042019-519","Xs","5"
"S-803","P-05042019-520","X","5"
"S-804","P-05042019-520","Xs","5"
"S-805","P-05042019-521","X","5"
"S-806","P-05042019-521","Xs","5"
"S-807","P-05042019-522","X","5"
"S-808","P-05042019-522","Xs","5"
"S-809","P-05042019-523","X","5"
"S-81","P-30122018-130","None","13"
"S-810","P-05042019-523","Xs","5"
"S-811","P-05042019-524","X","5"
"S-812","P-05042019-524","Xs","5"
"S-813","P-05042019-525","X","5"
"S-814","P-05042019-525","Xs","5"
"S-815","P-05042019-526","X","5"
"S-816","P-05042019-526","Xs","5"
"S-817","P-05042019-527","X","5"
"S-818","P-05042019-527","Xs","5"
"S-819","P-05042019-528","7","5"
"S-82","P-30122018-131","None","19"
"S-820","P-05042019-528","7+","5"
"S-821","P-05042019-528","8","5"
"S-822","P-05042019-528","8+","5"
"S-823","P-05042019-528","X","5"
"S-824","P-05042019-528","Xs","5"
"S-825","P-06042019-529","iPhone XsMax ","5"
"S-826","P-06042019-529","iPhone X/Xs","5"
"S-827","P-06042019-529","iPhone Xr","15"
"S-828","P-06042019-530","Red","7"
"S-829","P-06042019-530","Navy Blue ","7"
"S-83","P-30122018-132","None","14"
"S-830","P-06042019-530","Black ","7"
"S-831","P-06042019-531","None","20"
"S-832","P-06042019-532","Dark Red","5"
"S-833","P-06042019-532","Blue","5"
"S-834","P-08042019-533","None","500"
"S-835","P-08042019-534","Monday","500"
"S-836","P-08042019-534","Tuesday","500"
"S-837","P-08042019-534","Wednesday","500"
"S-838","P-08042019-534","Thursday","500"
"S-839","P-08042019-534","Friday","500"
"S-84","P-30122018-133","None","15"
"S-840","P-08042019-534","Saturday","500"
"S-841","P-08042019-534","Sunday","500"
"S-842","P-08042019-535","Red","100"
"S-843","P-08042019-535","Blue","100"
"S-844","P-08042019-535","Yellow","100"
"S-845","P-08042019-535","Pink","100"
"S-846","P-08042019-535","Purple","100"
"S-847","P-08042019-535","Grey","100"
"S-848","P-08042019-535","White","100"
"S-849","P-08042019-536","Red ","100"
"S-85","P-30122018-134","None","15"
"S-850","P-08042019-536","Blue","100"
"S-851","P-08042019-536","Yellow","100"
"S-852","P-08042019-536","Grey","100"
"S-853","P-08042019-536","Purple","100"
"S-854","P-08042019-536","Pink","100"
"S-855","P-08042019-536","White","100"
"S-856","P-08042019-537","Red","100"
"S-857","P-08042019-537","Black","100"
"S-858","P-08042019-537","White","100"
"S-859","P-08042019-537","Blue","100"
"S-86","P-30122018-135","None","15"
"S-860","P-08042019-537","Grey","100"
"S-861","P-08042019-537","Pink","100"
"S-862","P-08042019-537","Purple","100"
"S-863","P-08042019-538","White","100"
"S-864","P-08042019-538","Cream","100"
"S-865","P-08042019-538","Grey","100"
"S-866","P-08042019-538","Blue","100"
"S-867","P-08042019-538","Red","100"
"S-868","P-08042019-538","Black","100"
"S-869","P-08042019-538","Pink","100"
"S-87","P-30122018-136","None","10"
"S-870","P-08042019-539","S","50"
"S-871","P-08042019-539","M","50"
"S-872","P-08042019-539","L","50"
"S-873","P-08042019-539","XL","50"
"S-874","P-08042019-539","XXL","50"
"S-875","P-08042019-540","S","100"
"S-876","P-08042019-540","M","100"
"S-877","P-08042019-540","L","100"
"S-878","P-08042019-540","XL","100"
"S-879","P-08042019-540","XXL","100"
"S-88","P-30122018-137","None","10"
"S-880","P-08042019-540","XXXL","50"
"S-881","P-08042019-540","Kids(6-8)","50"
"S-882","P-08042019-541","S","100"
"S-883","P-08042019-541","L","100"
"S-884","P-08042019-541","M","100"
"S-885","P-08042019-541","XL","100"
"S-886","P-08042019-541","XXL","100"
"S-887","P-08042019-541","XXXL","50"
"S-888","P-08042019-541","Kids(6-8)","50"
"S-889","P-09042019-542","S","100"
"S-89","P-30122018-138","40","5"
"S-890","P-09042019-542","M","100"
"S-891","P-09042019-542","L","100"
"S-892","P-09042019-542","XL","100"
"S-893","P-09042019-542","XXL","100"
"S-894","P-09042019-542","Kiddie (3-5)","50"
"S-895","P-09042019-542","Kiddie (6-9)","50"
"S-896","P-09042019-543","S","100"
"S-897","P-09042019-543","M","100"
"S-898","P-09042019-543","L","100"
"S-899","P-09042019-543","XL","100"
"S-9","P-18112018-82","None","6"
"S-90","P-30122018-138","41","5"
"S-900","P-09042019-543","XXL","100"
"S-901","P-09042019-543","XXXL","50"
"S-902","P-09042019-544","S","100"
"S-903","P-09042019-544","L","100"
"S-904","P-09042019-544","M","100"
"S-905","P-09042019-544","XL","100"
"S-906","P-09042019-544","XXL","100"
"S-907","P-09042019-544","XXXL","50"
"S-908","P-09042019-545","S","100"
"S-909","P-09042019-545","M","100"
"S-91","P-30122018-138","42","5"
"S-910","P-09042019-545","L","100"
"S-911","P-09042019-545","XL","100"
"S-912","P-09042019-545","XXL","100"
"S-913","P-09042019-545","XXXL","100"
"S-914","P-09042019-546","S","100"
"S-915","P-09042019-546","M","100"
"S-916","P-09042019-546","L","100"
"S-917","P-09042019-546","XL","100"
"S-918","P-09042019-546","XXL","100"
"S-919","P-09042019-546","XXXL","50"
"S-92","P-30122018-138","43","5"
"S-920","P-09042019-547","S","100"
"S-921","P-09042019-547","M","100"
"S-922","P-09042019-547","L","100"
"S-923","P-09042019-547","XL","100"
"S-924","P-09042019-547","XXL","100"
"S-925","P-09042019-547","XXXL","50"
"S-926","P-09042019-548","S","100"
"S-927","P-09042019-548","M","100"
"S-928","P-09042019-548","L","100"
"S-929","P-09042019-548","XL","100"
"S-93","P-30122018-138","44","5"
"S-930","P-09042019-548","XXL","100"
"S-931","P-09042019-548","XXXL","50"
"S-932","P-09042019-549","S","100"
"S-933","P-09042019-549","M","100"
"S-934","P-09042019-549","L","100"
"S-935","P-09042019-549","XL","100"
"S-936","P-09042019-549","XXL","100"
"S-937","P-09042019-549","XXXL","100"
"S-938","P-17042019-550","None","0"
"S-939","P-17042019-551","None","5"
"S-94","P-30122018-139","None","32"
"S-940","P-17042019-552","None","5"
"S-941","P-17042019-553","None","5"
"S-942","P-17042019-554","None","5"
"S-943","P-17042019-555","None","5"
"S-944","P-17042019-556","None","5"
"S-945","P-17042019-557","None","5"
"S-946","P-17042019-558","None","5"
"S-947","P-17042019-559","None","5"
"S-948","P-17042019-560","None","5"
"S-949","P-17042019-561","None","5"
"S-95","P-30122018-140","None","20"
"S-950","P-17042019-562","None","5"
"S-951","P-17042019-563","None","5"
"S-952","P-17042019-564","None","5"
"S-953","P-17042019-565","None","1"
"S-954","P-17042019-566","None","1"
"S-955","P-17042019-567","None","1"
"S-956","P-17042019-568","None","1"
"S-957","P-17042019-569","None","1"
"S-958","P-17042019-570","None","1"
"S-959","P-17042019-571","None","1"
"S-96","P-30122018-141","None","24"
"S-960","P-17042019-572","None","1"
"S-961","P-17042019-573","None","1"
"S-962","P-20042019-574","None","1"
"S-963","P-20042019-575","None","1"
"S-964","P-20042019-576","Red","1"
"S-965","P-20042019-576","Light Green","1"
"S-966","P-20042019-577","Red","1"
"S-967","P-20042019-577","Green","1"
"S-968","P-20042019-578","None","1"
"S-969","P-20042019-579","None","1"
"S-97","P-30122018-142","None","6"
"S-970","P-20042019-580","None","1"
"S-971","P-20042019-581","None","1"
"S-972","P-20042019-582","None","1"
"S-973","P-20042019-583","None","1"
"S-974","P-20042019-584","White","1"
"S-975","P-20042019-584","Black","0"
"S-976","P-20042019-585","Black","1"
"S-977","P-20042019-585","Silver","1"
"S-978","P-20042019-585","Gold","1"
"S-979","P-20042019-585","Red","1"
"S-98","P-30122018-143","None","0"
"S-980","P-23042019-586","None","5"
"S-981","P-23042019-587","None","5"
"S-982","P-23042019-588","None","5"
"S-983","P-23042019-589","None","5"
"S-984","P-23042019-590","None","5"
"S-985","P-23042019-591","None","5"
"S-986","P-23042019-592","None","5"
"S-987","P-23042019-593","None","5"
"S-988","P-23042019-594","None","5"
"S-989","P-23042019-595","None","5"
"S-99","P-30122018-144","None","12"
"S-990","P-23042019-596","None","5"
"S-991","P-23042019-597","None","5"
"S-992","P-23042019-598","None","5"
"S-993","P-23042019-599","None","0"
"S-994","P-23042019-600","None","5"
"S-995","P-23042019-601","None","5"
"S-996","P-23042019-602","None","5"
"S-997","P-23042019-603","White","10"
"S-998","P-23042019-603","Black","10"
"S-999","P-23042019-604","6P White","9"
